ID,n_generation,rank_G0,rank_G1,rank_G2,rank_G3,rank_G4,rank_G5,rank_G6
Hyena_030,2,8,NA,NA,NA,NA,NA,NA
Hyena_031,3,8,5,NA,NA,NA,NA,NA
Hyena_032,3,8,5,NA,NA,NA,NA,NA
Hyena_033,2,2,NA,NA,NA,NA,NA,NA
Hyena_034,2,13,NA,NA,NA,NA,NA,NA
Hyena_035,2,13,NA,NA,NA,NA,NA,NA
Hyena_036,2,1,NA,NA,NA,NA,NA,NA
Hyena_037,2,6,NA,NA,NA,NA,NA,NA
Hyena_038,2,11,NA,NA,NA,NA,NA,NA
Hyena_039,2,11,NA,NA,NA,NA,NA,NA
Hyena_040,2,1,NA,NA,NA,NA,NA,NA
Hyena_041,2,1,NA,NA,NA,NA,NA,NA
Hyena_042,2,13,NA,NA,NA,NA,NA,NA
Hyena_043,2,13,NA,NA,NA,NA,NA,NA
Hyena_044,2,9,NA,NA,NA,NA,NA,NA
Hyena_046,2,5,NA,NA,NA,NA,NA,NA
Hyena_047,2,8,NA,NA,NA,NA,NA,NA
Hyena_048,2,8,NA,NA,NA,NA,NA,NA
Hyena_049,3,3,NA,NA,NA,NA,NA,NA
Hyena_050,3,3,NA,NA,NA,NA,NA,NA
Hyena_051,2,11,NA,NA,NA,NA,NA,NA
Hyena_052,2,1,NA,NA,NA,NA,NA,NA
Hyena_053,2,8,NA,NA,NA,NA,NA,NA
Hyena_054,2,8,NA,NA,NA,NA,NA,NA
Hyena_055,2,3,NA,NA,NA,NA,NA,NA
Hyena_056,3,6,NA,NA,NA,NA,NA,NA
Hyena_057,3,6,NA,NA,NA,NA,NA,NA
Hyena_058,2,5,NA,NA,NA,NA,NA,NA
Hyena_059,2,5,NA,NA,NA,NA,NA,NA
Hyena_060,2,2,NA,NA,NA,NA,NA,NA
Hyena_061,3,8,2,NA,NA,NA,NA,NA
Hyena_062,2,13,NA,NA,NA,NA,NA,NA
Hyena_063,2,5,NA,NA,NA,NA,NA,NA
Hyena_064,2,11,NA,NA,NA,NA,NA,NA
Hyena_065,2,10,NA,NA,NA,NA,NA,NA
Hyena_066,2,9,NA,NA,NA,NA,NA,NA
Hyena_067,2,11,NA,NA,NA,NA,NA,NA
Hyena_068,2,1,NA,NA,NA,NA,NA,NA
Hyena_069,2,1,NA,NA,NA,NA,NA,NA
Hyena_070,2,4,NA,NA,NA,NA,NA,NA
Hyena_071,2,5,NA,NA,NA,NA,NA,NA
Hyena_072,2,5,NA,NA,NA,NA,NA,NA
Hyena_073,3,12,13,NA,NA,NA,NA,NA
Hyena_074,2,3,NA,NA,NA,NA,NA,NA
Hyena_075,2,3,NA,NA,NA,NA,NA,NA
Hyena_076,2,7,NA,NA,NA,NA,NA,NA
Hyena_077,2,7,NA,NA,NA,NA,NA,NA
Hyena_078,3,10,2,NA,NA,NA,NA,NA
Hyena_079,3,10,2,NA,NA,NA,NA,NA
Hyena_080,2,13,NA,NA,NA,NA,NA,NA
Hyena_081,2,13,NA,NA,NA,NA,NA,NA
Hyena_082,2,4,NA,NA,NA,NA,NA,NA
Hyena_083,2,4,NA,NA,NA,NA,NA,NA
Hyena_084,3,2,5,NA,NA,NA,NA,NA
Hyena_085,3,2,5,NA,NA,NA,NA,NA
Hyena_086,2,14,NA,NA,NA,NA,NA,NA
Hyena_087,3,16,13,NA,NA,NA,NA,NA
Hyena_088,2,17,NA,NA,NA,NA,NA,NA
Hyena_089,2,17,NA,NA,NA,NA,NA,NA
Hyena_090,2,1,NA,NA,NA,NA,NA,NA
Hyena_091,2,1,NA,NA,NA,NA,NA,NA
Hyena_092,2,3,NA,NA,NA,NA,NA,NA
Hyena_093,3,11,1,NA,NA,NA,NA,NA
Hyena_094,2,5,NA,NA,NA,NA,NA,NA
Hyena_095,2,8,NA,NA,NA,NA,NA,NA
Hyena_096,2,5,NA,NA,NA,NA,NA,NA
Hyena_097,4,12,6,NA,NA,NA,NA,NA
Hyena_098,4,12,6,NA,NA,NA,NA,NA
Hyena_099,3,3,5,NA,NA,NA,NA,NA
Hyena_100,3,3,5,NA,NA,NA,NA,NA
Hyena_101,2,14,NA,NA,NA,NA,NA,NA
Hyena_102,2,14,NA,NA,NA,NA,NA,NA
Hyena_103,3,2,1,NA,NA,NA,NA,NA
Hyena_104,3,2,1,NA,NA,NA,NA,NA
Hyena_105,2,6,NA,NA,NA,NA,NA,NA
Hyena_106,2,1,NA,NA,NA,NA,NA,NA
Hyena_107,2,1,NA,NA,NA,NA,NA,NA
Hyena_108,3,13,2,NA,NA,NA,NA,NA
Hyena_109,3,20,13,NA,NA,NA,NA,NA
Hyena_110,4,12,6,NA,NA,NA,NA,NA
Hyena_111,3,7,8,NA,NA,NA,NA,NA
Hyena_112,2,6,NA,NA,NA,NA,NA,NA
Hyena_113,2,6,NA,NA,NA,NA,NA,NA
Hyena_114,3,20,10,NA,NA,NA,NA,NA
Hyena_115,3,15,2,NA,NA,NA,NA,NA
Hyena_116,2,19,NA,NA,NA,NA,NA,NA
Hyena_117,2,19,NA,NA,NA,NA,NA,NA
Hyena_118,2,8,NA,NA,NA,NA,NA,NA
Hyena_119,3,20,10,NA,NA,NA,NA,NA
Hyena_120,2,17,NA,NA,NA,NA,NA,NA
Hyena_121,3,3,5,NA,NA,NA,NA,NA
Hyena_122,4,4,2,5,NA,NA,NA,NA
Hyena_123,4,4,2,5,NA,NA,NA,NA
Hyena_124,2,7,NA,NA,NA,NA,NA,NA
Hyena_125,2,7,NA,NA,NA,NA,NA,NA
Hyena_126,3,11,5,NA,NA,NA,NA,NA
Hyena_127,4,3,2,5,NA,NA,NA,NA
Hyena_128,4,3,2,5,NA,NA,NA,NA
Hyena_129,4,14,6,NA,NA,NA,NA,NA
Hyena_130,3,10,8,NA,NA,NA,NA,NA
Hyena_131,3,10,8,NA,NA,NA,NA,NA
Hyena_132,2,9,NA,NA,NA,NA,NA,NA
Hyena_133,4,2,2,5,NA,NA,NA,NA
Hyena_134,4,2,2,5,NA,NA,NA,NA
Hyena_135,2,12,NA,NA,NA,NA,NA,NA
Hyena_136,2,12,NA,NA,NA,NA,NA,NA
Hyena_137,4,16,10,2,NA,NA,NA,NA
Hyena_138,3,20,10,NA,NA,NA,NA,NA
Hyena_139,3,1,5,NA,NA,NA,NA,NA
Hyena_140,2,3,NA,NA,NA,NA,NA,NA
Hyena_141,2,3,NA,NA,NA,NA,NA,NA
Hyena_142,2,20,NA,NA,NA,NA,NA,NA
Hyena_143,3,24,13,NA,NA,NA,NA,NA
Hyena_144,3,24,13,NA,NA,NA,NA,NA
Hyena_145,3,5,1,NA,NA,NA,NA,NA
Hyena_146,2,5,NA,NA,NA,NA,NA,NA
Hyena_147,2,5,NA,NA,NA,NA,NA,NA
Hyena_148,3,14,2,NA,NA,NA,NA,NA
Hyena_149,3,14,2,NA,NA,NA,NA,NA
Hyena_150,3,16,13,NA,NA,NA,NA,NA
Hyena_151,3,22,11,NA,NA,NA,NA,NA
Hyena_152,2,11,NA,NA,NA,NA,NA,NA
Hyena_153,2,14,NA,NA,NA,NA,NA,NA
Hyena_154,3,20,17,NA,NA,NA,NA,NA
Hyena_155,3,20,17,NA,NA,NA,NA,NA
Hyena_156,2,17,NA,NA,NA,NA,NA,NA
Hyena_157,3,24,5,NA,NA,NA,NA,NA
Hyena_158,4,10,7,8,NA,NA,NA,NA
Hyena_159,4,4,2,5,NA,NA,NA,NA
Hyena_160,4,4,2,5,NA,NA,NA,NA
Hyena_161,4,13,6,NA,NA,NA,NA,NA
Hyena_162,4,13,6,NA,NA,NA,NA,NA
Hyena_163,3,21,17,NA,NA,NA,NA,NA
Hyena_164,3,23,13,NA,NA,NA,NA,NA
Hyena_165,3,23,13,NA,NA,NA,NA,NA
Hyena_166,4,11,7,8,NA,NA,NA,NA
Hyena_167,3,3,1,NA,NA,NA,NA,NA
Hyena_168,2,1,NA,NA,NA,NA,NA,NA
Hyena_169,3,22,11,NA,NA,NA,NA,NA
Hyena_170,2,9,NA,NA,NA,NA,NA,NA
Hyena_171,3,16,13,NA,NA,NA,NA,NA
Hyena_172,3,16,13,NA,NA,NA,NA,NA
Hyena_173,3,17,10,NA,NA,NA,NA,NA
Hyena_174,3,9,8,NA,NA,NA,NA,NA
Hyena_175,3,2,1,NA,NA,NA,NA,NA
Hyena_176,4,11,7,8,NA,NA,NA,NA
Hyena_177,3,8,5,NA,NA,NA,NA,NA
Hyena_178,3,19,17,NA,NA,NA,NA,NA
Hyena_179,3,18,17,NA,NA,NA,NA,NA
Hyena_180,3,18,17,NA,NA,NA,NA,NA
Hyena_181,3,3,3,NA,NA,NA,NA,NA
Hyena_182,3,3,3,NA,NA,NA,NA,NA
Hyena_183,3,2,3,NA,NA,NA,NA,NA
Hyena_184,3,2,3,NA,NA,NA,NA,NA
Hyena_185,4,10,6,NA,NA,NA,NA,NA
Hyena_186,4,10,6,NA,NA,NA,NA,NA
Hyena_187,3,4,1,NA,NA,NA,NA,NA
Hyena_188,3,4,1,NA,NA,NA,NA,NA
Hyena_189,3,20,5,NA,NA,NA,NA,NA
Hyena_190,3,7,8,NA,NA,NA,NA,NA
Hyena_191,3,19,13,NA,NA,NA,NA,NA
Hyena_192,3,19,13,NA,NA,NA,NA,NA
Hyena_193,3,7,8,NA,NA,NA,NA,NA
Hyena_194,3,7,8,NA,NA,NA,NA,NA
Hyena_195,4,8,7,8,NA,NA,NA,NA
Hyena_196,3,17,10,NA,NA,NA,NA,NA
Hyena_197,3,17,10,NA,NA,NA,NA,NA
Hyena_198,4,18,20,10,NA,NA,NA,NA
Hyena_199,4,18,20,10,NA,NA,NA,NA
Hyena_200,3,18,17,NA,NA,NA,NA,NA
Hyena_201,3,19,17,NA,NA,NA,NA,NA
Hyena_202,3,8,5,NA,NA,NA,NA,NA
Hyena_203,3,8,5,NA,NA,NA,NA,NA
Hyena_204,4,15,16,13,NA,NA,NA,NA
Hyena_205,3,2,3,NA,NA,NA,NA,NA
Hyena_206,3,2,3,NA,NA,NA,NA,NA
Hyena_207,3,5,1,NA,NA,NA,NA,NA
Hyena_208,3,23,5,NA,NA,NA,NA,NA
Hyena_209,3,23,5,NA,NA,NA,NA,NA
Hyena_210,3,3,3,NA,NA,NA,NA,NA
Hyena_211,3,3,3,NA,NA,NA,NA,NA
Hyena_212,4,9,6,NA,NA,NA,NA,NA
Hyena_213,4,9,6,NA,NA,NA,NA,NA
Hyena_214,2,15,NA,NA,NA,NA,NA,NA
Hyena_215,4,4,2,1,NA,NA,NA,NA
Hyena_216,4,4,2,1,NA,NA,NA,NA
Hyena_217,4,11,7,8,NA,NA,NA,NA
Hyena_218,4,11,7,8,NA,NA,NA,NA
Hyena_219,3,14,11,NA,NA,NA,NA,NA
Hyena_220,3,14,11,NA,NA,NA,NA,NA
Hyena_221,3,8,7,NA,NA,NA,NA,NA
Hyena_222,3,22,17,NA,NA,NA,NA,NA
Hyena_223,3,22,17,NA,NA,NA,NA,NA
Hyena_224,3,12,8,NA,NA,NA,NA,NA
Hyena_225,4,20,20,10,NA,NA,NA,NA
Hyena_226,4,20,20,10,NA,NA,NA,NA
Hyena_227,4,5,2,1,NA,NA,NA,NA
Hyena_228,4,5,2,1,NA,NA,NA,NA
Hyena_229,3,24,17,NA,NA,NA,NA,NA
Hyena_230,3,24,17,NA,NA,NA,NA,NA
Hyena_231,3,10,5,NA,NA,NA,NA,NA
Hyena_232,3,10,5,NA,NA,NA,NA,NA
Hyena_233,4,3,2,3,NA,NA,NA,NA
Hyena_234,3,2,3,NA,NA,NA,NA,NA
Hyena_235,3,2,3,NA,NA,NA,NA,NA
Hyena_236,4,21,16,13,NA,NA,NA,NA
Hyena_237,3,18,10,NA,NA,NA,NA,NA
Hyena_238,4,21,16,13,NA,NA,NA,NA
Hyena_239,3,18,10,NA,NA,NA,NA,NA
Hyena_240,2,18,NA,NA,NA,NA,NA,NA
Hyena_241,4,8,3,1,NA,NA,NA,NA
Hyena_242,5,14,11,7,8,NA,NA,NA
Hyena_243,3,6,1,NA,NA,NA,NA,NA
Hyena_244,3,30,5,NA,NA,NA,NA,NA
Hyena_245,3,30,5,NA,NA,NA,NA,NA
Hyena_246,4,10,6,NA,NA,NA,NA,NA
Hyena_247,3,4,3,NA,NA,NA,NA,NA
Hyena_248,3,4,3,NA,NA,NA,NA,NA
Hyena_249,4,14,7,8,NA,NA,NA,NA
Hyena_250,4,14,7,8,NA,NA,NA,NA
Hyena_251,3,2,3,NA,NA,NA,NA,NA
Hyena_252,3,2,3,NA,NA,NA,NA,NA
Hyena_253,4,3,2,3,NA,NA,NA,NA
Hyena_254,3,20,11,NA,NA,NA,NA,NA
Hyena_255,3,20,11,NA,NA,NA,NA,NA
Hyena_256,3,23,10,NA,NA,NA,NA,NA
Hyena_257,3,28,17,NA,NA,NA,NA,NA
Hyena_258,3,28,17,NA,NA,NA,NA,NA
Hyena_259,4,4,2,3,NA,NA,NA,NA
Hyena_260,3,29,17,NA,NA,NA,NA,NA
Hyena_261,4,24,20,10,NA,NA,NA,NA
Hyena_262,4,28,18,17,NA,NA,NA,NA
Hyena_263,4,28,18,17,NA,NA,NA,NA
Hyena_264,4,23,17,10,NA,NA,NA,NA
Hyena_265,4,23,17,10,NA,NA,NA,NA
Hyena_266,3,10,5,NA,NA,NA,NA,NA
Hyena_267,3,22,10,NA,NA,NA,NA,NA
Hyena_268,3,9,7,NA,NA,NA,NA,NA
Hyena_269,3,15,8,NA,NA,NA,NA,NA
Hyena_270,3,1,3,NA,NA,NA,NA,NA
Hyena_271,3,1,3,NA,NA,NA,NA,NA
Hyena_272,3,5,3,NA,NA,NA,NA,NA
Hyena_273,3,5,3,NA,NA,NA,NA,NA
Hyena_274,3,5,3,NA,NA,NA,NA,NA
Hyena_275,5,22,11,7,8,NA,NA,NA
Hyena_276,5,22,11,7,8,NA,NA,NA
Hyena_277,4,25,17,10,NA,NA,NA,NA
Hyena_278,4,2,2,3,NA,NA,NA,NA
Hyena_279,4,2,2,3,NA,NA,NA,NA
Hyena_280,4,20,7,8,NA,NA,NA,NA
Hyena_281,4,16,6,NA,NA,NA,NA,NA
Hyena_282,4,16,6,NA,NA,NA,NA,NA
Hyena_283,4,20,7,8,NA,NA,NA,NA
Hyena_284,4,20,7,8,NA,NA,NA,NA
Hyena_285,4,9,3,3,NA,NA,NA,NA
Hyena_286,4,10,2,1,NA,NA,NA,NA
Hyena_287,4,10,2,1,NA,NA,NA,NA
Hyena_288,4,12,3,1,NA,NA,NA,NA
Hyena_289,4,12,3,1,NA,NA,NA,NA
Hyena_290,4,2,2,3,NA,NA,NA,NA
Hyena_291,4,29,19,17,NA,NA,NA,NA
Hyena_292,4,29,19,17,NA,NA,NA,NA
Hyena_293,3,14,5,NA,NA,NA,NA,NA
Hyena_294,3,14,5,NA,NA,NA,NA,NA
Hyena_295,4,6,2,1,NA,NA,NA,NA
Hyena_296,4,27,19,17,NA,NA,NA,NA
Hyena_297,3,1,3,NA,NA,NA,NA,NA
Hyena_298,5,25,18,20,10,NA,NA,NA
Hyena_299,4,4,2,3,NA,NA,NA,NA
Hyena_300,3,1,3,NA,NA,NA,NA,NA
Hyena_301,5,17,9,6,NA,NA,NA,NA
Hyena_302,5,17,9,6,NA,NA,NA,NA
Hyena_303,3,7,3,NA,NA,NA,NA,NA
Hyena_304,5,12,5,2,1,NA,NA,NA
Hyena_305,5,17,9,6,NA,NA,NA,NA
Hyena_306,4,28,24,17,NA,NA,NA,NA
Hyena_307,4,32,19,13,NA,NA,NA,NA
Hyena_308,4,32,19,13,NA,NA,NA,NA
Hyena_309,4,15,10,5,NA,NA,NA,NA
Hyena_310,4,15,10,5,NA,NA,NA,NA
Hyena_311,4,31,14,11,NA,NA,NA,NA
Hyena_312,4,36,23,5,NA,NA,NA,NA
Hyena_313,5,6,3,2,3,NA,NA,NA
Hyena_314,5,6,3,2,3,NA,NA,NA
Hyena_315,4,26,17,10,NA,NA,NA,NA
Hyena_316,3,7,3,NA,NA,NA,NA,NA
Hyena_317,4,3,2,3,NA,NA,NA,NA
Hyena_318,4,3,2,3,NA,NA,NA,NA
Hyena_319,4,8,4,3,NA,NA,NA,NA
Hyena_320,4,20,7,8,NA,NA,NA,NA
Hyena_321,3,15,7,NA,NA,NA,NA,NA
Hyena_322,4,11,3,3,NA,NA,NA,NA
Hyena_323,4,11,3,3,NA,NA,NA,NA
Hyena_324,3,23,10,NA,NA,NA,NA,NA
Hyena_325,4,4,2,3,NA,NA,NA,NA
Hyena_326,4,4,2,3,NA,NA,NA,NA
Hyena_327,3,1,3,NA,NA,NA,NA,NA
Hyena_328,4,29,24,17,NA,NA,NA,NA
Hyena_329,4,3,2,3,NA,NA,NA,NA
Hyena_330,4,2,1,3,NA,NA,NA,NA
Hyena_331,4,11,4,3,NA,NA,NA,NA
Hyena_332,4,11,4,3,NA,NA,NA,NA
Hyena_333,3,1,3,NA,NA,NA,NA,NA
Hyena_334,5,30,18,20,10,NA,NA,NA
Hyena_335,5,22,9,6,NA,NA,NA,NA
Hyena_336,5,22,9,6,NA,NA,NA,NA
Hyena_337,4,23,7,8,NA,NA,NA,NA
Hyena_338,4,23,7,8,NA,NA,NA,NA
Hyena_339,4,38,14,11,NA,NA,NA,NA
Hyena_340,4,5,2,3,NA,NA,NA,NA
Hyena_341,4,5,2,3,NA,NA,NA,NA
Hyena_342,4,15,4,3,NA,NA,NA,NA
Hyena_343,4,15,4,3,NA,NA,NA,NA
Hyena_344,4,8,2,3,NA,NA,NA,NA
Hyena_345,4,8,2,3,NA,NA,NA,NA
Hyena_346,4,37,19,17,NA,NA,NA,NA
Hyena_347,4,37,19,17,NA,NA,NA,NA
Hyena_348,4,29,7,8,NA,NA,NA,NA
Hyena_349,4,29,7,8,NA,NA,NA,NA
Hyena_350,5,30,14,7,8,NA,NA,NA
Hyena_351,5,30,14,7,8,NA,NA,NA
Hyena_352,3,1,3,NA,NA,NA,NA,NA
Hyena_353,3,1,3,NA,NA,NA,NA,NA
Hyena_354,4,4,2,3,NA,NA,NA,NA
Hyena_355,4,43,30,5,NA,NA,NA,NA
Hyena_356,4,14,4,3,NA,NA,NA,NA
Hyena_357,4,14,4,3,NA,NA,NA,NA
Hyena_358,3,12,3,NA,NA,NA,NA,NA
Hyena_359,4,4,2,3,NA,NA,NA,NA
Hyena_360,4,20,3,1,NA,NA,NA,NA
Hyena_361,5,25,9,6,NA,NA,NA,NA
Hyena_362,4,17,3,3,NA,NA,NA,NA
Hyena_363,4,17,3,3,NA,NA,NA,NA
Hyena_364,5,11,3,2,3,NA,NA,NA
Hyena_365,5,11,3,2,3,NA,NA,NA
Hyena_366,4,46,23,5,NA,NA,NA,NA
Hyena_367,4,46,23,5,NA,NA,NA,NA
Hyena_368,5,7,2,2,3,NA,NA,NA
Hyena_369,4,3,1,3,NA,NA,NA,NA
Hyena_370,4,3,1,3,NA,NA,NA,NA
Hyena_371,4,2,1,3,NA,NA,NA,NA
Hyena_372,4,25,9,7,NA,NA,NA,NA
Hyena_373,4,25,9,7,NA,NA,NA,NA
Hyena_374,3,23,7,NA,NA,NA,NA,NA
Hyena_375,4,43,19,13,NA,NA,NA,NA
Hyena_376,5,6,2,2,3,NA,NA,NA
Hyena_377,5,6,2,2,3,NA,NA,NA
Hyena_378,4,37,24,17,NA,NA,NA,NA
Hyena_379,5,28,9,6,NA,NA,NA,NA
Hyena_380,5,28,9,6,NA,NA,NA,NA
Hyena_381,4,39,19,17,NA,NA,NA,NA
Hyena_382,4,39,19,17,NA,NA,NA,NA
Hyena_383,3,1,3,NA,NA,NA,NA,NA
Hyena_384,4,4,2,3,NA,NA,NA,NA
Hyena_385,4,4,2,3,NA,NA,NA,NA
Hyena_386,5,10,4,2,3,NA,NA,NA
Hyena_387,4,5,2,3,NA,NA,NA,NA
Hyena_388,5,7,2,2,3,NA,NA,NA
Hyena_389,5,7,2,2,3,NA,NA,NA
Hyena_390,4,5,2,3,NA,NA,NA,NA
Hyena_391,5,10,4,2,3,NA,NA,NA
Hyena_392,4,36,24,17,NA,NA,NA,NA
Hyena_393,4,8,2,3,NA,NA,NA,NA
Hyena_394,4,8,2,3,NA,NA,NA,NA
Hyena_395,4,2,1,3,NA,NA,NA,NA
Hyena_396,4,2,1,3,NA,NA,NA,NA
Hyena_397,4,29,7,8,NA,NA,NA,NA
Hyena_398,4,29,7,8,NA,NA,NA,NA
Hyena_399,3,13,3,NA,NA,NA,NA,NA
Hyena_400,3,13,3,NA,NA,NA,NA,NA
Hyena_401,5,11,4,2,3,NA,NA,NA
Hyena_402,4,15,5,3,NA,NA,NA,NA
Hyena_403,4,15,5,3,NA,NA,NA,NA
Hyena_404,5,33,14,7,8,NA,NA,NA
Hyena_405,5,33,14,7,8,NA,NA,NA
Hyena_406,5,34,18,20,10,NA,NA,NA
Hyena_407,4,17,4,3,NA,NA,NA,NA
Hyena_408,4,3,1,3,NA,NA,NA,NA
Hyena_409,5,25,9,6,NA,NA,NA,NA
Hyena_410,5,25,9,6,NA,NA,NA,NA
Hyena_411,3,1,3,NA,NA,NA,NA,NA
Hyena_412,3,1,3,NA,NA,NA,NA,NA
Hyena_413,4,18,3,3,NA,NA,NA,NA
Hyena_414,4,3,1,3,NA,NA,NA,NA
Hyena_415,4,16,4,3,NA,NA,NA,NA
Hyena_416,4,16,4,3,NA,NA,NA,NA
Hyena_417,4,34,19,17,NA,NA,NA,NA
Hyena_418,4,34,19,17,NA,NA,NA,NA
Hyena_419,5,20,9,3,3,NA,NA,NA
Hyena_420,4,21,3,1,NA,NA,NA,NA
Hyena_421,5,12,3,2,3,NA,NA,NA
Hyena_422,5,12,3,2,3,NA,NA,NA
Hyena_423,5,9,4,2,3,NA,NA,NA
Hyena_424,4,36,23,5,NA,NA,NA,NA
Hyena_425,4,36,23,5,NA,NA,NA,NA
Hyena_426,4,37,19,13,NA,NA,NA,NA
Hyena_427,4,37,19,13,NA,NA,NA,NA
Hyena_428,4,34,24,17,NA,NA,NA,NA
Hyena_429,4,34,24,17,NA,NA,NA,NA
Hyena_430,4,2,1,3,NA,NA,NA,NA
Hyena_431,4,2,1,3,NA,NA,NA,NA
Hyena_432,3,1,3,NA,NA,NA,NA,NA
Hyena_433,3,1,3,NA,NA,NA,NA,NA
Hyena_434,4,5,2,3,NA,NA,NA,NA
Hyena_435,4,3,1,3,NA,NA,NA,NA
Hyena_436,4,16,7,3,NA,NA,NA,NA
Hyena_437,4,8,2,3,NA,NA,NA,NA
Hyena_438,4,8,2,3,NA,NA,NA,NA
Hyena_439,5,9,4,2,3,NA,NA,NA
Hyena_440,4,13,2,3,NA,NA,NA,NA
Hyena_441,5,24,9,3,3,NA,NA,NA
Hyena_442,5,33,14,7,8,NA,NA,NA
Hyena_443,5,33,14,7,8,NA,NA,NA
Hyena_444,5,31,20,7,8,NA,NA,NA
Hyena_445,5,15,2,2,3,NA,NA,NA
Hyena_446,4,34,24,17,NA,NA,NA,NA
Hyena_447,5,10,4,2,3,NA,NA,NA
Hyena_448,5,5,3,1,3,NA,NA,NA
Hyena_449,5,5,3,1,3,NA,NA,NA
Hyena_450,5,11,3,2,3,NA,NA,NA
Hyena_451,4,2,1,3,NA,NA,NA,NA
Hyena_452,4,37,19,17,NA,NA,NA,NA
Hyena_453,4,17,4,3,NA,NA,NA,NA
Hyena_454,5,10,4,2,3,NA,NA,NA
Hyena_455,4,14,5,3,NA,NA,NA,NA
Hyena_456,4,14,5,3,NA,NA,NA,NA
Hyena_457,5,7,4,2,3,NA,NA,NA
Hyena_458,5,7,4,2,3,NA,NA,NA
Hyena_459,4,11,7,3,NA,NA,NA,NA
Hyena_460,4,11,7,3,NA,NA,NA,NA
Hyena_461,4,5,2,3,NA,NA,NA,NA
Hyena_462,4,5,2,3,NA,NA,NA,NA
Hyena_463,4,6,2,3,NA,NA,NA,NA
Hyena_464,5,8,4,2,3,NA,NA,NA
Hyena_465,5,17,15,10,5,NA,NA,NA
Hyena_466,4,2,1,3,NA,NA,NA,NA
Hyena_467,4,23,24,17,NA,NA,NA,NA
Hyena_468,4,23,24,17,NA,NA,NA,NA
Hyena_469,5,21,14,7,8,NA,NA,NA
Hyena_470,5,21,14,7,8,NA,NA,NA
Hyena_471,4,12,4,3,NA,NA,NA,NA
Hyena_472,4,12,4,3,NA,NA,NA,NA
Hyena_473,5,14,9,3,3,NA,NA,NA
Hyena_474,4,25,23,5,NA,NA,NA,NA
Hyena_475,4,24,30,5,NA,NA,NA,NA
Hyena_476,4,24,30,5,NA,NA,NA,NA
Hyena_477,6,20,30,14,7,8,NA,NA
Hyena_478,5,3,3,1,3,NA,NA,NA
Hyena_479,5,13,11,3,3,NA,NA,NA
Hyena_480,5,18,20,7,8,NA,NA,NA
Hyena_481,5,18,20,7,8,NA,NA,NA
Hyena_482,4,22,19,17,NA,NA,NA,NA
Hyena_483,5,18,20,7,8,NA,NA,NA
Hyena_484,4,11,5,3,NA,NA,NA,NA
Hyena_485,4,11,5,3,NA,NA,NA,NA
Hyena_486,5,2,4,2,3,NA,NA,NA
Hyena_487,5,2,4,2,3,NA,NA,NA
Hyena_488,4,1,2,3,NA,NA,NA,NA
Hyena_489,4,1,2,3,NA,NA,NA,NA
Hyena_490,5,3,4,2,3,NA,NA,NA
Hyena_491,5,3,4,2,3,NA,NA,NA
Hyena_492,5,4,4,2,3,NA,NA,NA
Hyena_493,4,9,7,3,NA,NA,NA,NA
Hyena_494,4,5,1,3,NA,NA,NA,NA
Hyena_495,4,5,1,3,NA,NA,NA,NA
Hyena_496,6,17,28,9,6,NA,NA,NA
Hyena_497,5,24,43,19,13,NA,NA,NA
Hyena_498,5,24,43,19,13,NA,NA,NA
Hyena_499,5,16,15,10,5,NA,NA,NA
Hyena_500,5,20,14,7,8,NA,NA,NA
Hyena_501,5,20,14,7,8,NA,NA,NA
Hyena_502,4,26,23,5,NA,NA,NA,NA
Hyena_503,4,26,23,5,NA,NA,NA,NA
Hyena_504,4,23,24,17,NA,NA,NA,NA
Hyena_505,4,23,24,17,NA,NA,NA,NA
Hyena_506,6,23,30,14,7,8,NA,NA
Hyena_507,6,23,30,14,7,8,NA,NA
Hyena_508,5,17,9,3,3,NA,NA,NA
Hyena_509,5,19,21,3,1,NA,NA,NA
Hyena_510,5,10,3,1,3,NA,NA,NA
Hyena_511,5,5,4,2,3,NA,NA,NA
Hyena_512,5,5,4,2,3,NA,NA,NA
Hyena_513,4,19,4,3,NA,NA,NA,NA
Hyena_514,4,19,4,3,NA,NA,NA,NA
Hyena_515,5,2,6,2,3,NA,NA,NA
Hyena_516,5,2,6,2,3,NA,NA,NA
Hyena_517,5,3,4,2,3,NA,NA,NA
Hyena_518,4,1,2,3,NA,NA,NA,NA
Hyena_519,6,13,6,2,2,3,NA,NA
Hyena_520,6,13,6,2,2,3,NA,NA
Hyena_521,5,6,4,2,3,NA,NA,NA
Hyena_522,6,4,7,4,2,3,NA,NA
Hyena_523,5,26,20,7,8,NA,NA,NA
Hyena_524,5,26,20,7,8,NA,NA,NA
Hyena_525,4,14,7,3,NA,NA,NA,NA
Hyena_526,5,27,14,7,8,NA,NA,NA
Hyena_527,5,27,14,7,8,NA,NA,NA
Hyena_528,6,7,10,4,2,3,NA,NA
Hyena_529,6,7,10,4,2,3,NA,NA
Hyena_530,4,9,1,3,NA,NA,NA,NA
Hyena_531,4,9,1,3,NA,NA,NA,NA
Hyena_532,4,17,5,3,NA,NA,NA,NA
Hyena_533,5,21,11,3,3,NA,NA,NA
Hyena_534,5,21,11,3,3,NA,NA,NA
Hyena_535,5,11,3,1,3,NA,NA,NA
Hyena_536,5,11,3,1,3,NA,NA,NA
Hyena_537,6,24,28,9,6,NA,NA,NA
Hyena_538,6,24,28,9,6,NA,NA,NA
Hyena_539,5,3,4,2,3,NA,NA,NA
Hyena_540,5,3,4,2,3,NA,NA,NA
Hyena_541,5,23,15,10,5,NA,NA,NA
Hyena_542,5,23,15,10,5,NA,NA,NA
Hyena_543,4,1,2,3,NA,NA,NA,NA
Hyena_544,4,1,2,3,NA,NA,NA,NA
Hyena_545,5,30,43,19,13,NA,NA,NA
Hyena_546,5,4,6,2,3,NA,NA,NA
Hyena_547,5,4,6,2,3,NA,NA,NA
Hyena_548,5,23,9,3,3,NA,NA,NA
Hyena_549,4,14,7,3,NA,NA,NA,NA
Hyena_550,4,14,7,3,NA,NA,NA,NA
Hyena_551,5,18,14,5,3,NA,NA,NA
Hyena_552,5,18,14,5,3,NA,NA,NA
Hyena_553,6,6,7,4,2,3,NA,NA
Hyena_554,6,6,7,4,2,3,NA,NA
Hyena_555,5,32,43,19,13,NA,NA,NA
Hyena_556,5,12,2,1,3,NA,NA,NA
Hyena_557,5,7,4,2,3,NA,NA,NA
Hyena_558,5,24,21,3,1,NA,NA,NA
Hyena_559,5,7,4,2,3,NA,NA,NA
Hyena_560,5,4,4,2,3,NA,NA,NA
Hyena_561,5,4,4,2,3,NA,NA,NA
Hyena_562,5,15,12,4,3,NA,NA,NA
Hyena_563,5,15,12,4,3,NA,NA,NA
Hyena_567,2,1,NA,NA,NA,NA,NA,NA
Hyena_573,3,3,NA,NA,NA,NA,NA,NA
Hyena_575,2,1,NA,NA,NA,NA,NA,NA
Hyena_576,3,3,NA,NA,NA,NA,NA,NA
Hyena_577,3,3,NA,NA,NA,NA,NA,NA
Hyena_578,3,2,NA,NA,NA,NA,NA,NA
Hyena_579,3,4,NA,NA,NA,NA,NA,NA
Hyena_580,3,4,NA,NA,NA,NA,NA,NA
Hyena_581,3,3,NA,NA,NA,NA,NA,NA
Hyena_582,3,3,NA,NA,NA,NA,NA,NA
Hyena_583,2,1,NA,NA,NA,NA,NA,NA
Hyena_584,2,1,NA,NA,NA,NA,NA,NA
Hyena_585,3,4,NA,NA,NA,NA,NA,NA
Hyena_586,3,4,NA,NA,NA,NA,NA,NA
Hyena_587,3,5,NA,NA,NA,NA,NA,NA
Hyena_588,3,5,NA,NA,NA,NA,NA,NA
Hyena_589,3,3,1,NA,NA,NA,NA,NA
Hyena_590,3,3,1,NA,NA,NA,NA,NA
Hyena_591,3,4,NA,NA,NA,NA,NA,NA
Hyena_592,3,4,NA,NA,NA,NA,NA,NA
Hyena_593,3,2,1,NA,NA,NA,NA,NA
Hyena_594,3,2,1,NA,NA,NA,NA,NA
Hyena_595,2,9,NA,NA,NA,NA,NA,NA
Hyena_596,2,9,NA,NA,NA,NA,NA,NA
Hyena_597,4,9,3,NA,NA,NA,NA,NA
Hyena_598,4,5,3,NA,NA,NA,NA,NA
Hyena_599,4,6,3,NA,NA,NA,NA,NA
Hyena_600,4,6,3,NA,NA,NA,NA,NA
Hyena_601,3,7,NA,NA,NA,NA,NA,NA
Hyena_602,3,3,1,NA,NA,NA,NA,NA
Hyena_603,3,3,1,NA,NA,NA,NA,NA
Hyena_604,2,1,NA,NA,NA,NA,NA,NA
Hyena_605,3,4,NA,NA,NA,NA,NA,NA
Hyena_606,3,4,NA,NA,NA,NA,NA,NA
Hyena_607,3,2,1,NA,NA,NA,NA,NA
Hyena_608,3,2,1,NA,NA,NA,NA,NA
Hyena_609,4,9,3,NA,NA,NA,NA,NA
Hyena_610,3,2,1,NA,NA,NA,NA,NA
Hyena_611,3,2,1,NA,NA,NA,NA,NA
Hyena_612,2,13,NA,NA,NA,NA,NA,NA
Hyena_613,3,4,NA,NA,NA,NA,NA,NA
Hyena_614,3,6,NA,NA,NA,NA,NA,NA
Hyena_615,3,6,NA,NA,NA,NA,NA,NA
Hyena_616,3,2,1,NA,NA,NA,NA,NA
Hyena_617,3,2,1,NA,NA,NA,NA,NA
Hyena_618,4,4,3,NA,NA,NA,NA,NA
Hyena_619,4,3,3,1,NA,NA,NA,NA
Hyena_620,3,1,1,NA,NA,NA,NA,NA
Hyena_621,3,1,1,NA,NA,NA,NA,NA
Hyena_622,4,7,4,NA,NA,NA,NA,NA
Hyena_623,4,8,3,NA,NA,NA,NA,NA
Hyena_624,4,8,3,NA,NA,NA,NA,NA
Hyena_625,4,8,3,NA,NA,NA,NA,NA
Hyena_626,4,4,3,NA,NA,NA,NA,NA
Hyena_627,4,4,3,NA,NA,NA,NA,NA
Hyena_628,3,3,1,NA,NA,NA,NA,NA
Hyena_629,3,3,1,NA,NA,NA,NA,NA
Hyena_630,2,13,NA,NA,NA,NA,NA,NA
Hyena_631,4,2,2,1,NA,NA,NA,NA
Hyena_632,4,2,2,1,NA,NA,NA,NA
Hyena_633,4,7,5,NA,NA,NA,NA,NA
Hyena_634,3,1,1,NA,NA,NA,NA,NA
Hyena_635,4,5,3,1,NA,NA,NA,NA
Hyena_636,4,5,3,1,NA,NA,NA,NA
Hyena_637,4,10,4,NA,NA,NA,NA,NA
Hyena_638,4,8,3,NA,NA,NA,NA,NA
Hyena_639,3,15,9,NA,NA,NA,NA,NA
Hyena_640,3,16,9,NA,NA,NA,NA,NA
Hyena_641,5,13,9,3,NA,NA,NA,NA
Hyena_642,5,13,9,3,NA,NA,NA,NA
Hyena_643,4,2,2,1,NA,NA,NA,NA
Hyena_644,3,1,1,NA,NA,NA,NA,NA
Hyena_645,4,10,3,NA,NA,NA,NA,NA
Hyena_646,2,13,NA,NA,NA,NA,NA,NA
Hyena_647,4,6,3,NA,NA,NA,NA,NA
Hyena_648,4,4,2,1,NA,NA,NA,NA
Hyena_649,3,15,9,NA,NA,NA,NA,NA
Hyena_650,3,15,9,NA,NA,NA,NA,NA
Hyena_651,5,12,9,3,NA,NA,NA,NA
Hyena_652,3,3,1,NA,NA,NA,NA,NA
Hyena_653,3,3,1,NA,NA,NA,NA,NA
Hyena_654,4,9,4,NA,NA,NA,NA,NA
Hyena_655,4,4,2,1,NA,NA,NA,NA
Hyena_656,4,6,3,1,NA,NA,NA,NA
Hyena_657,4,6,3,1,NA,NA,NA,NA
Hyena_658,4,2,2,1,NA,NA,NA,NA
Hyena_659,4,2,2,1,NA,NA,NA,NA
Hyena_660,3,1,1,NA,NA,NA,NA,NA
Hyena_661,3,1,1,NA,NA,NA,NA,NA
Hyena_662,5,3,2,2,1,NA,NA,NA
Hyena_663,5,13,8,3,NA,NA,NA,NA
Hyena_664,4,9,3,NA,NA,NA,NA,NA
Hyena_665,3,17,9,NA,NA,NA,NA,NA
Hyena_666,3,17,9,NA,NA,NA,NA,NA
Hyena_667,5,7,4,3,NA,NA,NA,NA
Hyena_668,5,13,9,3,NA,NA,NA,NA
Hyena_669,4,11,3,NA,NA,NA,NA,NA
Hyena_670,3,17,13,NA,NA,NA,NA,NA
Hyena_671,3,17,13,NA,NA,NA,NA,NA
Hyena_672,4,2,1,1,NA,NA,NA,NA
Hyena_673,3,20,9,NA,NA,NA,NA,NA
Hyena_674,5,6,5,3,1,NA,NA,NA
Hyena_675,4,3,2,1,NA,NA,NA,NA
Hyena_676,4,10,4,NA,NA,NA,NA,NA
Hyena_677,4,9,3,NA,NA,NA,NA,NA
Hyena_678,4,9,3,NA,NA,NA,NA,NA
Hyena_679,5,4,2,2,1,NA,NA,NA
Hyena_680,5,19,9,3,NA,NA,NA,NA
Hyena_681,3,23,9,NA,NA,NA,NA,NA
Hyena_682,5,11,4,3,NA,NA,NA,NA
Hyena_683,5,17,8,3,NA,NA,NA,NA
Hyena_684,3,1,1,NA,NA,NA,NA,NA
Hyena_685,3,1,1,NA,NA,NA,NA,NA
Hyena_686,3,23,13,NA,NA,NA,NA,NA
Hyena_687,3,23,13,NA,NA,NA,NA,NA
Hyena_688,4,7,3,1,NA,NA,NA,NA
Hyena_689,4,7,3,1,NA,NA,NA,NA
Hyena_690,4,7,3,1,NA,NA,NA,NA
Hyena_691,5,10,5,3,1,NA,NA,NA
Hyena_692,4,3,1,1,NA,NA,NA,NA
Hyena_693,5,18,8,3,NA,NA,NA,NA
Hyena_694,5,18,8,3,NA,NA,NA,NA
Hyena_695,5,12,4,3,NA,NA,NA,NA
Hyena_696,5,12,4,3,NA,NA,NA,NA
Hyena_697,5,20,9,3,NA,NA,NA,NA
Hyena_698,5,14,7,5,NA,NA,NA,NA
Hyena_699,3,21,13,NA,NA,NA,NA,NA
Hyena_700,4,25,15,9,NA,NA,NA,NA
Hyena_701,5,9,5,3,1,NA,NA,NA
Hyena_702,5,19,9,3,NA,NA,NA,NA
Hyena_703,5,19,9,3,NA,NA,NA,NA
Hyena_704,4,12,3,NA,NA,NA,NA,NA
Hyena_705,4,12,3,NA,NA,NA,NA,NA
Hyena_706,4,29,15,9,NA,NA,NA,NA
Hyena_707,4,28,15,9,NA,NA,NA,NA
Hyena_708,3,24,9,NA,NA,NA,NA,NA
Hyena_709,3,24,9,NA,NA,NA,NA,NA
Hyena_710,5,11,6,3,NA,NA,NA,NA
Hyena_711,4,3,1,1,NA,NA,NA,NA
Hyena_712,4,2,1,1,NA,NA,NA,NA
Hyena_713,3,1,1,NA,NA,NA,NA,NA
Hyena_714,4,4,2,1,NA,NA,NA,NA
Hyena_715,4,27,15,9,NA,NA,NA,NA
Hyena_716,5,8,6,3,1,NA,NA,NA
Hyena_717,4,5,3,1,NA,NA,NA,NA
Hyena_718,5,9,5,3,1,NA,NA,NA
Hyena_719,3,20,13,NA,NA,NA,NA,NA
Hyena_720,5,7,6,3,1,NA,NA,NA
Hyena_721,4,2,1,1,NA,NA,NA,NA
Hyena_722,5,19,9,3,NA,NA,NA,NA
Hyena_723,5,19,9,3,NA,NA,NA,NA
Hyena_724,5,15,7,5,NA,NA,NA,NA
Hyena_725,5,15,7,5,NA,NA,NA,NA
Hyena_726,5,14,9,4,NA,NA,NA,NA
Hyena_727,5,14,9,4,NA,NA,NA,NA
Hyena_728,5,9,4,3,NA,NA,NA,NA
Hyena_729,4,16,15,9,NA,NA,NA,NA
Hyena_730,4,16,15,9,NA,NA,NA,NA
Hyena_731,5,8,6,3,NA,NA,NA,NA
Hyena_732,4,1,1,1,NA,NA,NA,NA
Hyena_733,4,7,3,1,NA,NA,NA,NA
Hyena_734,4,7,3,1,NA,NA,NA,NA
Hyena_735,6,6,4,2,2,1,NA,NA
Hyena_736,6,6,4,2,2,1,NA,NA
Hyena_737,4,3,2,1,NA,NA,NA,NA
Hyena_738,5,9,5,3,1,NA,NA,NA
Hyena_739,5,2,2,1,1,NA,NA,NA
Hyena_740,5,12,9,3,NA,NA,NA,NA
Hyena_741,4,4,1,1,NA,NA,NA,NA
Hyena_742,5,15,9,4,NA,NA,NA,NA
Hyena_743,3,16,13,NA,NA,NA,NA,NA
Hyena_744,4,3,1,1,NA,NA,NA,NA
Hyena_745,4,5,2,1,NA,NA,NA,NA
Hyena_746,5,8,7,3,1,NA,NA,NA
Hyena_747,5,12,9,3,NA,NA,NA,NA
Hyena_748,4,1,1,1,NA,NA,NA,NA
Hyena_749,4,1,1,1,NA,NA,NA,NA
Hyena_750,4,11,15,9,NA,NA,NA,NA
Hyena_751,4,4,3,1,NA,NA,NA,NA
Hyena_752,4,4,3,1,NA,NA,NA,NA
Hyena_753,4,11,15,9,NA,NA,NA,NA
Hyena_754,5,2,2,1,1,NA,NA,NA
Hyena_755,5,8,9,3,NA,NA,NA,NA
Hyena_756,5,8,9,3,NA,NA,NA,NA
Hyena_757,5,6,6,3,NA,NA,NA,NA
Hyena_758,4,18,17,9,NA,NA,NA,NA
Hyena_759,5,8,9,3,NA,NA,NA,NA
Hyena_760,5,8,9,3,NA,NA,NA,NA
Hyena_761,6,3,4,2,2,1,NA,NA
Hyena_762,6,3,4,2,2,1,NA,NA
Hyena_763,5,6,5,3,1,NA,NA,NA
Hyena_764,3,12,13,NA,NA,NA,NA,NA
Hyena_765,3,12,13,NA,NA,NA,NA,NA
Hyena_766,4,13,15,9,NA,NA,NA,NA
Hyena_767,4,1,1,1,NA,NA,NA,NA
Hyena_768,5,6,5,3,1,NA,NA,NA
Hyena_769,5,2,2,1,1,NA,NA,NA
Hyena_770,5,2,2,1,1,NA,NA,NA
Hyena_771,7,3,6,4,2,2,1,NA
Hyena_772,5,14,16,15,9,NA,NA,NA
Hyena_773,5,14,16,15,9,NA,NA,NA
Hyena_774,4,11,17,9,NA,NA,NA,NA
Hyena_775,5,9,9,3,NA,NA,NA,NA
Hyena_776,5,7,9,3,NA,NA,NA,NA
Hyena_777,6,5,9,5,3,1,NA,NA
Hyena_778,5,4,5,3,1,NA,NA,NA
Hyena_779,5,4,5,3,1,NA,NA,NA
Hyena_780,4,15,15,9,NA,NA,NA,NA
Hyena_781,4,15,15,9,NA,NA,NA,NA
Hyena_782,5,2,2,1,1,NA,NA,NA
Hyena_783,4,1,1,1,NA,NA,NA,NA
Hyena_784,5,16,16,15,9,NA,NA,NA
Hyena_785,7,6,6,4,2,2,1,NA
Hyena_786,5,14,16,15,9,NA,NA,NA
Hyena_787,4,11,17,9,NA,NA,NA,NA
Hyena_788,4,11,17,9,NA,NA,NA,NA
Hyena_789,4,4,1,1,NA,NA,NA,NA
Hyena_790,4,4,1,1,NA,NA,NA,NA
Hyena_791,5,1,2,1,1,NA,NA,NA
Hyena_792,5,1,2,1,1,NA,NA,NA
Hyena_793,5,8,9,3,NA,NA,NA,NA
Hyena_794,5,8,9,3,NA,NA,NA,NA
Hyena_795,4,13,15,9,NA,NA,NA,NA
Hyena_796,5,12,18,17,9,NA,NA,NA
Hyena_797,6,9,8,9,3,NA,NA,NA
Hyena_798,8,6,3,6,4,2,2,1
Hyena_799,6,1,2,2,1,1,NA,NA
Hyena_800,6,3,2,2,1,1,NA,NA
Hyena_801,5,12,16,15,9,NA,NA,NA
Hyena_802,5,12,16,15,9,NA,NA,NA
Hyena_803,5,4,1,1,1,NA,NA,NA
Hyena_804,5,4,1,1,1,NA,NA,NA
Hyena_805,7,6,6,4,2,2,1,NA
Hyena_806,7,6,6,4,2,2,1,NA
Hyena_807,6,1,2,2,1,1,NA,NA
Hyena_808,6,1,2,2,1,1,NA,NA
Hyena_809,5,2,2,1,1,NA,NA,NA
Hyena_810,8,5,3,6,4,2,2,1
Hyena_811,8,5,3,6,4,2,2,1
Hyena_812,6,3,2,2,1,1,NA,NA
Hyena_813,6,8,8,9,3,NA,NA,NA
Hyena_814,6,8,8,9,3,NA,NA,NA
Hyena_815,5,9,18,17,9,NA,NA,NA
Hyena_816,5,9,18,17,9,NA,NA,NA
Hyena_817,5,2,2,1,1,NA,NA,NA
Hyena_818,6,8,9,9,3,NA,NA,NA
Hyena_819,5,11,16,15,9,NA,NA,NA
Hyena_820,5,11,16,15,9,NA,NA,NA
Hyena_821,6,1,2,2,1,1,NA,NA
Hyena_822,6,3,2,2,1,1,NA,NA
Hyena_823,6,1,2,2,1,1,NA,NA
Hyena_824,5,2,2,1,1,NA,NA,NA
Hyena_825,6,10,9,9,3,NA,NA,NA
Hyena_826,6,10,9,9,3,NA,NA,NA
Hyena_827,8,7,3,6,4,2,2,1
Hyena_828,5,12,18,17,9,NA,NA,NA
Hyena_829,5,12,18,17,9,NA,NA,NA
Hyena_830,6,9,8,9,3,NA,NA,NA
Hyena_831,6,13,8,9,3,NA,NA,NA
Hyena_832,5,5,1,1,1,NA,NA,NA
Hyena_833,7,2,1,2,2,1,1,NA
Hyena_834,8,7,3,6,4,2,2,1
Hyena_835,8,7,3,6,4,2,2,1
Hyena_836,5,5,1,1,1,NA,NA,NA
Hyena_837,6,4,2,2,1,1,NA,NA
Hyena_838,6,4,2,2,1,1,NA,NA
Hyena_842,3,2,NA,NA,NA,NA,NA,NA
Hyena_844,2,4,NA,NA,NA,NA,NA,NA
Hyena_850,4,1,2,NA,NA,NA,NA,NA
Hyena_851,3,3,NA,NA,NA,NA,NA,NA
Hyena_852,2,1,NA,NA,NA,NA,NA,NA
Hyena_853,3,3,NA,NA,NA,NA,NA,NA
Hyena_854,3,3,NA,NA,NA,NA,NA,NA
Hyena_855,3,3,NA,NA,NA,NA,NA,NA
Hyena_856,4,4,2,NA,NA,NA,NA,NA
Hyena_857,2,7,NA,NA,NA,NA,NA,NA
Hyena_858,3,2,NA,NA,NA,NA,NA,NA
Hyena_859,3,2,NA,NA,NA,NA,NA,NA
Hyena_860,2,5,NA,NA,NA,NA,NA,NA
Hyena_861,3,6,4,NA,NA,NA,NA,NA
Hyena_862,3,6,4,NA,NA,NA,NA,NA
Hyena_863,2,7,NA,NA,NA,NA,NA,NA
Hyena_864,2,7,NA,NA,NA,NA,NA,NA
Hyena_865,3,1,NA,NA,NA,NA,NA,NA
Hyena_866,3,1,NA,NA,NA,NA,NA,NA
Hyena_867,4,2,2,NA,NA,NA,NA,NA
Hyena_868,2,5,NA,NA,NA,NA,NA,NA
Hyena_869,3,4,NA,NA,NA,NA,NA,NA
Hyena_870,3,4,NA,NA,NA,NA,NA,NA
Hyena_871,3,6,4,NA,NA,NA,NA,NA
Hyena_872,3,1,NA,NA,NA,NA,NA,NA
Hyena_873,2,7,NA,NA,NA,NA,NA,NA
Hyena_874,2,7,NA,NA,NA,NA,NA,NA
Hyena_875,4,2,2,NA,NA,NA,NA,NA
Hyena_876,4,4,2,NA,NA,NA,NA,NA
Hyena_877,3,6,NA,NA,NA,NA,NA,NA
Hyena_878,3,9,4,NA,NA,NA,NA,NA
Hyena_879,2,7,NA,NA,NA,NA,NA,NA
Hyena_880,3,6,NA,NA,NA,NA,NA,NA
Hyena_881,4,3,1,NA,NA,NA,NA,NA
Hyena_882,3,1,NA,NA,NA,NA,NA,NA
Hyena_883,4,3,2,NA,NA,NA,NA,NA
Hyena_884,2,10,NA,NA,NA,NA,NA,NA
Hyena_885,2,10,NA,NA,NA,NA,NA,NA
Hyena_886,3,12,7,NA,NA,NA,NA,NA
Hyena_887,5,3,2,2,NA,NA,NA,NA
Hyena_888,3,8,4,NA,NA,NA,NA,NA
Hyena_889,3,8,4,NA,NA,NA,NA,NA
Hyena_890,5,3,2,2,NA,NA,NA,NA
Hyena_891,4,1,2,NA,NA,NA,NA,NA
Hyena_892,5,2,2,2,NA,NA,NA,NA
Hyena_893,5,2,2,2,NA,NA,NA,NA
Hyena_894,4,5,1,NA,NA,NA,NA,NA
Hyena_895,4,5,1,NA,NA,NA,NA,NA
Hyena_896,4,7,4,NA,NA,NA,NA,NA
Hyena_897,4,7,4,NA,NA,NA,NA,NA
Hyena_898,3,4,NA,NA,NA,NA,NA,NA
Hyena_899,4,1,2,NA,NA,NA,NA,NA
Hyena_900,5,2,2,2,NA,NA,NA,NA
Hyena_901,3,9,10,NA,NA,NA,NA,NA
Hyena_902,5,3,3,1,NA,NA,NA,NA
Hyena_903,4,6,4,NA,NA,NA,NA,NA
Hyena_904,4,6,4,NA,NA,NA,NA,NA
Hyena_905,3,10,7,NA,NA,NA,NA,NA
Hyena_906,4,5,6,NA,NA,NA,NA,NA
Hyena_907,3,11,7,NA,NA,NA,NA,NA
Hyena_908,3,4,NA,NA,NA,NA,NA,NA
Hyena_909,3,4,NA,NA,NA,NA,NA,NA
Hyena_910,4,1,2,NA,NA,NA,NA,NA
Hyena_911,3,7,7,NA,NA,NA,NA,NA
Hyena_912,5,2,2,2,NA,NA,NA,NA
Hyena_913,5,2,2,2,NA,NA,NA,NA
Hyena_914,4,5,4,NA,NA,NA,NA,NA
Hyena_915,4,5,4,NA,NA,NA,NA,NA
Hyena_916,4,1,6,NA,NA,NA,NA,NA
Hyena_917,4,1,6,NA,NA,NA,NA,NA
Hyena_918,3,9,10,NA,NA,NA,NA,NA
Hyena_919,4,9,8,4,NA,NA,NA,NA
Hyena_920,4,9,8,4,NA,NA,NA,NA
Hyena_921,4,9,8,4,NA,NA,NA,NA
Hyena_922,3,11,7,NA,NA,NA,NA,NA
Hyena_923,3,12,7,NA,NA,NA,NA,NA
Hyena_924,4,3,4,NA,NA,NA,NA,NA
Hyena_925,4,7,2,NA,NA,NA,NA,NA
Hyena_926,3,11,7,NA,NA,NA,NA,NA
Hyena_927,5,9,2,2,NA,NA,NA,NA
Hyena_928,5,9,2,2,NA,NA,NA,NA
Hyena_929,3,5,NA,NA,NA,NA,NA,NA
Hyena_930,3,5,NA,NA,NA,NA,NA,NA
Hyena_931,5,8,1,2,NA,NA,NA,NA
Hyena_932,5,8,1,2,NA,NA,NA,NA
Hyena_933,4,12,8,4,NA,NA,NA,NA
Hyena_934,4,12,8,4,NA,NA,NA,NA
Hyena_935,3,15,7,NA,NA,NA,NA,NA
Hyena_936,3,15,7,NA,NA,NA,NA,NA
Hyena_937,5,4,7,4,NA,NA,NA,NA
Hyena_938,5,4,7,4,NA,NA,NA,NA
Hyena_939,4,1,6,NA,NA,NA,NA,NA
Hyena_940,4,1,6,NA,NA,NA,NA,NA
Hyena_941,4,3,4,NA,NA,NA,NA,NA
Hyena_942,4,3,4,NA,NA,NA,NA,NA
Hyena_943,5,2,5,6,NA,NA,NA,NA
Hyena_944,5,2,5,6,NA,NA,NA,NA
Hyena_945,4,7,4,NA,NA,NA,NA,NA
Hyena_946,4,7,4,NA,NA,NA,NA,NA
Hyena_947,4,8,2,NA,NA,NA,NA,NA
Hyena_948,3,13,7,NA,NA,NA,NA,NA
Hyena_949,6,12,2,2,2,NA,NA,NA
Hyena_950,3,13,7,NA,NA,NA,NA,NA
Hyena_951,5,8,1,2,NA,NA,NA,NA
Hyena_952,5,8,1,2,NA,NA,NA,NA
Hyena_953,5,9,2,2,NA,NA,NA,NA
Hyena_954,5,9,2,2,NA,NA,NA,NA
Hyena_955,3,6,NA,NA,NA,NA,NA,NA
Hyena_956,5,2,5,6,NA,NA,NA,NA
Hyena_957,5,2,5,6,NA,NA,NA,NA
Hyena_958,4,7,4,NA,NA,NA,NA,NA
Hyena_959,5,5,5,4,NA,NA,NA,NA
Hyena_960,4,1,6,NA,NA,NA,NA,NA
Hyena_961,4,1,6,NA,NA,NA,NA,NA
Hyena_962,4,1,6,NA,NA,NA,NA,NA
Hyena_963,4,17,11,7,NA,NA,NA,NA
Hyena_964,4,17,11,7,NA,NA,NA,NA
Hyena_965,4,4,4,NA,NA,NA,NA,NA
Hyena_966,5,2,1,6,NA,NA,NA,NA
Hyena_967,5,9,7,4,NA,NA,NA,NA
Hyena_968,5,9,7,4,NA,NA,NA,NA
Hyena_969,4,21,11,7,NA,NA,NA,NA
Hyena_970,5,13,1,2,NA,NA,NA,NA
Hyena_971,5,3,5,6,NA,NA,NA,NA
Hyena_972,5,3,5,6,NA,NA,NA,NA
Hyena_973,4,10,5,NA,NA,NA,NA,NA
Hyena_974,4,1,6,NA,NA,NA,NA,NA
Hyena_975,4,11,4,NA,NA,NA,NA,NA
Hyena_976,6,16,2,2,2,NA,NA,NA
Hyena_977,6,16,2,2,2,NA,NA,NA
Hyena_978,6,2,2,5,6,NA,NA,NA
Hyena_979,5,7,5,4,NA,NA,NA,NA
Hyena_980,5,6,1,6,NA,NA,NA,NA
Hyena_981,5,6,1,6,NA,NA,NA,NA
Hyena_982,5,1,5,6,NA,NA,NA,NA
Hyena_983,5,1,5,6,NA,NA,NA,NA
Hyena_984,6,20,2,2,2,NA,NA,NA
Hyena_985,6,21,2,2,2,NA,NA,NA
Hyena_986,5,18,2,2,NA,NA,NA,NA
Hyena_987,6,19,9,2,2,NA,NA,NA
Hyena_988,6,3,2,5,6,NA,NA,NA
Hyena_989,6,3,2,5,6,NA,NA,NA
Hyena_990,5,16,8,2,NA,NA,NA,NA
Hyena_991,5,4,1,6,NA,NA,NA,NA
Hyena_992,4,15,4,NA,NA,NA,NA,NA
Hyena_993,4,8,4,NA,NA,NA,NA,NA
Hyena_994,4,8,4,NA,NA,NA,NA,NA
Hyena_995,5,11,5,4,NA,NA,NA,NA
Hyena_996,6,12,5,5,4,NA,NA,NA
Hyena_997,5,11,5,4,NA,NA,NA,NA
Hyena_998,4,1,6,NA,NA,NA,NA,NA
Hyena_999,4,1,6,NA,NA,NA,NA,NA
Hyena_1000,5,10,3,4,NA,NA,NA,NA
Hyena_1001,6,18,8,1,2,NA,NA,NA
Hyena_1002,5,2,1,6,NA,NA,NA,NA
Hyena_1003,6,20,2,2,2,NA,NA,NA
Hyena_1004,6,18,9,2,2,NA,NA,NA
Hyena_1005,6,18,9,2,2,NA,NA,NA
Hyena_1006,4,13,5,NA,NA,NA,NA,NA
Hyena_1007,5,3,1,6,NA,NA,NA,NA
Hyena_1008,5,3,1,6,NA,NA,NA,NA
Hyena_1009,6,20,2,2,2,NA,NA,NA
Hyena_1010,6,16,8,1,2,NA,NA,NA
Hyena_1011,4,14,4,NA,NA,NA,NA,NA
Hyena_1012,4,14,4,NA,NA,NA,NA,NA
Hyena_1013,5,5,1,6,NA,NA,NA,NA
Hyena_1014,5,4,1,6,NA,NA,NA,NA
Hyena_1015,4,1,6,NA,NA,NA,NA,NA
Hyena_1016,5,11,3,4,NA,NA,NA,NA
Hyena_1017,5,11,3,4,NA,NA,NA,NA
Hyena_1018,4,1,6,NA,NA,NA,NA,NA
Hyena_1019,6,8,2,5,6,NA,NA,NA
Hyena_1020,6,8,2,5,6,NA,NA,NA
Hyena_1021,6,7,3,5,6,NA,NA,NA
Hyena_1022,6,17,9,2,2,NA,NA,NA
Hyena_1023,5,9,4,4,NA,NA,NA,NA
Hyena_1024,5,2,1,6,NA,NA,NA,NA
Hyena_1025,5,12,5,4,NA,NA,NA,NA
Hyena_1026,5,12,5,4,NA,NA,NA,NA
Hyena_1027,5,25,21,11,7,NA,NA,NA
Hyena_1028,5,25,21,11,7,NA,NA,NA
Hyena_1029,6,18,8,1,2,NA,NA,NA
Hyena_1030,4,15,5,NA,NA,NA,NA,NA
Hyena_1031,4,15,5,NA,NA,NA,NA,NA
Hyena_1032,5,3,1,6,NA,NA,NA,NA
Hyena_1033,6,14,4,7,4,NA,NA,NA
Hyena_1034,4,19,4,NA,NA,NA,NA,NA
Hyena_1035,5,5,1,6,NA,NA,NA,NA
Hyena_1036,5,3,1,6,NA,NA,NA,NA
Hyena_1037,5,2,1,6,NA,NA,NA,NA
Hyena_1038,5,2,1,6,NA,NA,NA,NA
Hyena_1039,4,1,6,NA,NA,NA,NA,NA
Hyena_1040,5,7,1,6,NA,NA,NA,NA
Hyena_1041,5,7,1,6,NA,NA,NA,NA
Hyena_1042,6,20,9,2,2,NA,NA,NA
Hyena_1043,6,8,6,1,6,NA,NA,NA
Hyena_1044,6,8,6,1,6,NA,NA,NA
Hyena_1045,5,5,1,6,NA,NA,NA,NA
Hyena_1046,6,11,2,5,6,NA,NA,NA
Hyena_1047,6,20,8,1,2,NA,NA,NA
Hyena_1048,5,25,21,11,7,NA,NA,NA
Hyena_1049,5,25,21,11,7,NA,NA,NA
Hyena_1050,6,20,8,1,2,NA,NA,NA
Hyena_1051,6,20,8,1,2,NA,NA,NA
Hyena_1052,5,3,1,6,NA,NA,NA,NA
Hyena_1053,5,3,1,6,NA,NA,NA,NA
Hyena_1054,5,13,4,4,NA,NA,NA,NA
Hyena_1055,4,16,5,NA,NA,NA,NA,NA
Hyena_1056,6,14,4,7,4,NA,NA,NA
Hyena_1057,6,14,4,7,4,NA,NA,NA
Hyena_1058,4,18,4,NA,NA,NA,NA,NA
Hyena_1059,4,1,6,NA,NA,NA,NA,NA
Hyena_1060,6,8,1,5,6,NA,NA,NA
Hyena_1061,6,8,1,5,6,NA,NA,NA
Hyena_1062,5,4,1,6,NA,NA,NA,NA
Hyena_1063,5,2,1,6,NA,NA,NA,NA
Hyena_1064,5,2,1,6,NA,NA,NA,NA
Hyena_1065,6,10,2,5,6,NA,NA,NA
Hyena_1066,6,10,2,5,6,NA,NA,NA
Hyena_1067,6,6,6,1,6,NA,NA,NA
Hyena_1068,6,6,6,1,6,NA,NA,NA
Hyena_1069,4,11,5,NA,NA,NA,NA,NA
Hyena_1070,7,9,3,2,5,6,NA,NA
Hyena_1071,7,17,19,9,2,2,NA,NA
Hyena_1072,7,6,8,2,5,6,NA,NA
Hyena_1073,7,6,8,2,5,6,NA,NA
Hyena_1074,5,11,13,5,NA,NA,NA,NA
Hyena_1075,5,1,1,6,NA,NA,NA,NA
Hyena_1076,5,1,1,6,NA,NA,NA,NA
Hyena_1077,6,15,8,1,2,NA,NA,NA
Hyena_1078,6,15,8,1,2,NA,NA,NA
Hyena_1079,5,10,15,5,NA,NA,NA,NA
Hyena_1080,5,9,19,4,NA,NA,NA,NA
Hyena_1081,6,6,2,5,6,NA,NA,NA
Hyena_1082,6,6,2,5,6,NA,NA,NA
Hyena_1083,4,6,5,NA,NA,NA,NA,NA
Hyena_1084,7,4,3,2,5,6,NA,NA
Hyena_1085,6,1,6,1,6,NA,NA,NA
Hyena_1086,6,11,8,1,2,NA,NA,NA
Hyena_1087,6,6,4,7,4,NA,NA,NA
Hyena_1088,5,9,19,4,NA,NA,NA,NA
Hyena_1089,5,9,19,4,NA,NA,NA,NA
Hyena_1090,5,7,15,5,NA,NA,NA,NA
Hyena_1091,5,7,15,5,NA,NA,NA,NA
Hyena_1092,7,12,20,2,2,2,NA,NA
Hyena_1093,7,12,20,2,2,2,NA,NA
Hyena_1094,5,9,13,5,NA,NA,NA,NA
Hyena_1118,2,10,NA,NA,NA,NA,NA,NA
Hyena_1119,2,10,NA,NA,NA,NA,NA,NA
Hyena_1120,3,4,NA,NA,NA,NA,NA,NA
Hyena_1121,3,5,NA,NA,NA,NA,NA,NA
Hyena_1122,3,11,NA,NA,NA,NA,NA,NA
Hyena_1123,3,11,NA,NA,NA,NA,NA,NA
Hyena_1124,3,3,NA,NA,NA,NA,NA,NA
Hyena_1125,3,3,NA,NA,NA,NA,NA,NA
Hyena_1126,2,1,NA,NA,NA,NA,NA,NA
Hyena_1127,2,11,NA,NA,NA,NA,NA,NA
Hyena_1128,3,2,NA,NA,NA,NA,NA,NA
Hyena_1129,2,15,NA,NA,NA,NA,NA,NA
Hyena_1130,2,15,NA,NA,NA,NA,NA,NA
Hyena_1131,4,7,NA,NA,NA,NA,NA,NA
Hyena_1132,2,9,NA,NA,NA,NA,NA,NA
Hyena_1133,4,4,NA,NA,NA,NA,NA,NA
Hyena_1134,3,3,NA,NA,NA,NA,NA,NA
Hyena_1135,3,3,NA,NA,NA,NA,NA,NA
Hyena_1136,3,12,NA,NA,NA,NA,NA,NA
Hyena_1137,2,8,NA,NA,NA,NA,NA,NA
Hyena_1138,2,8,NA,NA,NA,NA,NA,NA
Hyena_1139,3,1,NA,NA,NA,NA,NA,NA
Hyena_1140,3,1,NA,NA,NA,NA,NA,NA
Hyena_1141,3,5,NA,NA,NA,NA,NA,NA
Hyena_1142,3,5,NA,NA,NA,NA,NA,NA
Hyena_1143,3,3,NA,NA,NA,NA,NA,NA
Hyena_1144,3,3,NA,NA,NA,NA,NA,NA
Hyena_1145,3,13,NA,NA,NA,NA,NA,NA
Hyena_1146,3,6,NA,NA,NA,NA,NA,NA
Hyena_1147,3,6,NA,NA,NA,NA,NA,NA
Hyena_1148,2,8,NA,NA,NA,NA,NA,NA
Hyena_1149,3,1,1,NA,NA,NA,NA,NA
Hyena_1150,3,12,NA,NA,NA,NA,NA,NA
Hyena_1151,2,11,NA,NA,NA,NA,NA,NA
Hyena_1152,4,7,NA,NA,NA,NA,NA,NA
Hyena_1153,3,1,1,NA,NA,NA,NA,NA
Hyena_1154,3,2,NA,NA,NA,NA,NA,NA
Hyena_1155,3,2,NA,NA,NA,NA,NA,NA
Hyena_1156,2,9,NA,NA,NA,NA,NA,NA
Hyena_1157,2,11,NA,NA,NA,NA,NA,NA
Hyena_1158,2,11,NA,NA,NA,NA,NA,NA
Hyena_1159,4,7,NA,NA,NA,NA,NA,NA
Hyena_1160,4,7,NA,NA,NA,NA,NA,NA
Hyena_1161,3,5,NA,NA,NA,NA,NA,NA
Hyena_1162,3,5,NA,NA,NA,NA,NA,NA
Hyena_1163,2,11,NA,NA,NA,NA,NA,NA
Hyena_1164,2,11,NA,NA,NA,NA,NA,NA
Hyena_1165,3,7,NA,NA,NA,NA,NA,NA
Hyena_1166,3,1,1,NA,NA,NA,NA,NA
Hyena_1167,3,2,NA,NA,NA,NA,NA,NA
Hyena_1168,3,2,NA,NA,NA,NA,NA,NA
Hyena_1169,3,17,NA,NA,NA,NA,NA,NA
Hyena_1170,3,17,NA,NA,NA,NA,NA,NA
Hyena_1171,2,13,NA,NA,NA,NA,NA,NA
Hyena_1172,4,4,1,NA,NA,NA,NA,NA
Hyena_1173,4,7,3,NA,NA,NA,NA,NA
Hyena_1174,3,1,1,NA,NA,NA,NA,NA
Hyena_1175,3,1,1,NA,NA,NA,NA,NA
Hyena_1176,4,3,1,NA,NA,NA,NA,NA
Hyena_1177,4,3,1,NA,NA,NA,NA,NA
Hyena_1178,3,5,NA,NA,NA,NA,NA,NA
Hyena_1179,3,5,NA,NA,NA,NA,NA,NA
Hyena_1180,4,19,11,NA,NA,NA,NA,NA
Hyena_1181,4,12,NA,NA,NA,NA,NA,NA
Hyena_1182,4,10,NA,NA,NA,NA,NA,NA
Hyena_1183,4,3,1,NA,NA,NA,NA,NA
Hyena_1184,4,3,1,NA,NA,NA,NA,NA
Hyena_1185,3,8,NA,NA,NA,NA,NA,NA
Hyena_1186,3,8,NA,NA,NA,NA,NA,NA
Hyena_1187,4,4,1,NA,NA,NA,NA,NA
Hyena_1188,4,4,1,NA,NA,NA,NA,NA
Hyena_1189,2,14,NA,NA,NA,NA,NA,NA
Hyena_1190,4,14,NA,NA,NA,NA,NA,NA
Hyena_1191,3,13,NA,NA,NA,NA,NA,NA
Hyena_1192,3,13,NA,NA,NA,NA,NA,NA
Hyena_1193,4,21,11,NA,NA,NA,NA,NA
Hyena_1194,4,21,11,NA,NA,NA,NA,NA
Hyena_1195,2,19,NA,NA,NA,NA,NA,NA
Hyena_1196,2,19,NA,NA,NA,NA,NA,NA
Hyena_1197,3,2,NA,NA,NA,NA,NA,NA
Hyena_1198,3,2,NA,NA,NA,NA,NA,NA
Hyena_1199,4,10,3,NA,NA,NA,NA,NA
Hyena_1200,4,10,3,NA,NA,NA,NA,NA
Hyena_1201,3,1,1,NA,NA,NA,NA,NA
Hyena_1202,4,8,3,NA,NA,NA,NA,NA
Hyena_1203,4,8,3,NA,NA,NA,NA,NA
Hyena_1204,4,8,3,NA,NA,NA,NA,NA
Hyena_1205,4,8,3,NA,NA,NA,NA,NA
Hyena_1206,3,23,NA,NA,NA,NA,NA,NA
Hyena_1207,3,23,NA,NA,NA,NA,NA,NA
Hyena_1208,2,19,NA,NA,NA,NA,NA,NA
Hyena_1209,3,2,NA,NA,NA,NA,NA,NA
Hyena_1210,3,2,NA,NA,NA,NA,NA,NA
Hyena_1211,4,21,12,NA,NA,NA,NA,NA
Hyena_1212,4,21,12,NA,NA,NA,NA,NA
Hyena_1213,4,12,NA,NA,NA,NA,NA,NA
Hyena_1214,3,6,NA,NA,NA,NA,NA,NA
Hyena_1215,4,7,5,NA,NA,NA,NA,NA
Hyena_1216,5,14,7,NA,NA,NA,NA,NA
Hyena_1217,4,4,1,NA,NA,NA,NA,NA
Hyena_1218,4,4,1,NA,NA,NA,NA,NA
Hyena_1219,4,6,1,NA,NA,NA,NA,NA
Hyena_1220,2,19,NA,NA,NA,NA,NA,NA
Hyena_1221,2,19,NA,NA,NA,NA,NA,NA
Hyena_1222,2,19,NA,NA,NA,NA,NA,NA
Hyena_1223,3,13,NA,NA,NA,NA,NA,NA
Hyena_1224,3,1,1,NA,NA,NA,NA,NA
Hyena_1225,3,1,1,NA,NA,NA,NA,NA
Hyena_1226,3,21,9,NA,NA,NA,NA,NA
Hyena_1227,4,26,11,NA,NA,NA,NA,NA
Hyena_1228,4,15,3,NA,NA,NA,NA,NA
Hyena_1229,4,15,3,NA,NA,NA,NA,NA
Hyena_1230,3,2,NA,NA,NA,NA,NA,NA
Hyena_1231,4,8,1,NA,NA,NA,NA,NA
Hyena_1232,4,13,5,NA,NA,NA,NA,NA
Hyena_1233,4,18,3,NA,NA,NA,NA,NA
Hyena_1234,5,23,7,NA,NA,NA,NA,NA
Hyena_1235,4,14,3,NA,NA,NA,NA,NA
Hyena_1236,4,14,3,NA,NA,NA,NA,NA
Hyena_1237,5,10,4,1,NA,NA,NA,NA
Hyena_1238,4,20,NA,NA,NA,NA,NA,NA
Hyena_1239,3,1,1,NA,NA,NA,NA,NA
Hyena_1240,3,1,1,NA,NA,NA,NA,NA
Hyena_1241,4,5,1,NA,NA,NA,NA,NA
Hyena_1242,4,5,1,NA,NA,NA,NA,NA
Hyena_1243,3,31,NA,NA,NA,NA,NA,NA
Hyena_1244,3,31,NA,NA,NA,NA,NA,NA
Hyena_1245,3,11,NA,NA,NA,NA,NA,NA
Hyena_1246,4,21,NA,NA,NA,NA,NA,NA
Hyena_1247,4,21,NA,NA,NA,NA,NA,NA
Hyena_1248,5,6,3,1,NA,NA,NA,NA
Hyena_1249,4,3,2,NA,NA,NA,NA,NA
Hyena_1250,4,12,3,NA,NA,NA,NA,NA
Hyena_1251,4,12,3,NA,NA,NA,NA,NA
Hyena_1252,4,28,17,NA,NA,NA,NA,NA
Hyena_1253,2,25,NA,NA,NA,NA,NA,NA
Hyena_1254,4,8,1,NA,NA,NA,NA,NA
Hyena_1255,3,15,NA,NA,NA,NA,NA,NA
Hyena_1256,3,15,NA,NA,NA,NA,NA,NA
Hyena_1257,3,2,NA,NA,NA,NA,NA,NA
Hyena_1258,3,2,NA,NA,NA,NA,NA,NA
Hyena_1259,4,22,NA,NA,NA,NA,NA,NA
Hyena_1260,5,13,7,3,NA,NA,NA,NA
Hyena_1261,5,21,7,NA,NA,NA,NA,NA
Hyena_1262,5,21,7,NA,NA,NA,NA,NA
Hyena_1263,4,12,3,NA,NA,NA,NA,NA
Hyena_1264,4,12,3,NA,NA,NA,NA,NA
Hyena_1265,5,5,3,1,NA,NA,NA,NA
Hyena_1266,5,5,3,1,NA,NA,NA,NA
Hyena_1267,4,11,3,NA,NA,NA,NA,NA
Hyena_1268,4,11,3,NA,NA,NA,NA,NA
Hyena_1269,2,22,NA,NA,NA,NA,NA,NA
Hyena_1270,2,22,NA,NA,NA,NA,NA,NA
Hyena_1271,4,3,2,NA,NA,NA,NA,NA
Hyena_1272,5,6,3,1,NA,NA,NA,NA
Hyena_1273,3,1,1,NA,NA,NA,NA,NA
Hyena_1274,3,1,1,NA,NA,NA,NA,NA
Hyena_1275,5,6,3,1,NA,NA,NA,NA
Hyena_1276,4,10,5,NA,NA,NA,NA,NA
Hyena_1277,4,9,5,NA,NA,NA,NA,NA
Hyena_1278,2,24,NA,NA,NA,NA,NA,NA
Hyena_1279,2,24,NA,NA,NA,NA,NA,NA
Hyena_1280,4,25,11,NA,NA,NA,NA,NA
Hyena_1281,4,28,17,NA,NA,NA,NA,NA
Hyena_1282,4,2,2,NA,NA,NA,NA,NA
Hyena_1283,4,2,2,NA,NA,NA,NA,NA
Hyena_1284,4,26,17,NA,NA,NA,NA,NA
Hyena_1285,4,26,17,NA,NA,NA,NA,NA
Hyena_1286,5,5,3,1,NA,NA,NA,NA
Hyena_1287,4,23,11,NA,NA,NA,NA,NA
Hyena_1288,4,23,11,NA,NA,NA,NA,NA
Hyena_1289,4,6,1,NA,NA,NA,NA,NA
Hyena_1290,5,3,4,1,NA,NA,NA,NA
Hyena_1291,4,15,NA,NA,NA,NA,NA,NA
Hyena_1292,2,20,NA,NA,NA,NA,NA,NA
Hyena_1293,2,20,NA,NA,NA,NA,NA,NA
Hyena_1294,4,9,5,NA,NA,NA,NA,NA
Hyena_1295,4,9,5,NA,NA,NA,NA,NA
Hyena_1296,3,13,NA,NA,NA,NA,NA,NA
Hyena_1297,4,5,1,NA,NA,NA,NA,NA
Hyena_1298,4,5,1,NA,NA,NA,NA,NA
Hyena_1299,5,26,21,11,NA,NA,NA,NA
Hyena_1300,5,26,21,11,NA,NA,NA,NA
Hyena_1301,4,11,3,NA,NA,NA,NA,NA
Hyena_1302,5,4,3,1,NA,NA,NA,NA
Hyena_1303,5,4,3,1,NA,NA,NA,NA
Hyena_1304,3,10,1,NA,NA,NA,NA,NA
Hyena_1305,5,2,5,1,NA,NA,NA,NA
Hyena_1306,5,1,5,1,NA,NA,NA,NA
Hyena_1307,5,13,7,3,NA,NA,NA,NA
Hyena_1308,5,13,7,3,NA,NA,NA,NA
Hyena_1309,5,7,4,1,NA,NA,NA,NA
Hyena_1310,5,7,4,1,NA,NA,NA,NA
Hyena_1311,4,5,1,NA,NA,NA,NA,NA
Hyena_1312,4,5,1,NA,NA,NA,NA,NA
Hyena_1313,5,9,3,1,NA,NA,NA,NA
Hyena_1314,3,11,1,NA,NA,NA,NA,NA
Hyena_1315,5,21,7,NA,NA,NA,NA,NA
Hyena_1316,5,21,7,NA,NA,NA,NA,NA
Hyena_1317,4,8,2,NA,NA,NA,NA,NA
Hyena_1318,5,20,14,NA,NA,NA,NA,NA
Hyena_1319,4,25,17,NA,NA,NA,NA,NA
Hyena_1320,4,25,17,NA,NA,NA,NA,NA
Hyena_1321,5,18,10,3,NA,NA,NA,NA
Hyena_1322,5,2,5,1,NA,NA,NA,NA
Hyena_1323,5,2,5,1,NA,NA,NA,NA
Hyena_1324,5,6,8,1,NA,NA,NA,NA
Hyena_1325,5,23,21,11,NA,NA,NA,NA
Hyena_1326,4,29,17,NA,NA,NA,NA,NA
Hyena_1327,4,29,17,NA,NA,NA,NA,NA
Hyena_1328,5,4,3,1,NA,NA,NA,NA
Hyena_1329,5,4,3,1,NA,NA,NA,NA
Hyena_1330,4,14,3,NA,NA,NA,NA,NA
Hyena_1331,4,27,11,NA,NA,NA,NA,NA
Hyena_1332,3,16,NA,NA,NA,NA,NA,NA
Hyena_1333,5,29,26,11,NA,NA,NA,NA
Hyena_1334,5,2,5,1,NA,NA,NA,NA
Hyena_1335,5,2,5,1,NA,NA,NA,NA
Hyena_1336,5,1,5,1,NA,NA,NA,NA
Hyena_1337,5,21,18,3,NA,NA,NA,NA
Hyena_1338,4,20,13,NA,NA,NA,NA,NA
Hyena_1339,4,20,13,NA,NA,NA,NA,NA
Hyena_1340,4,20,13,NA,NA,NA,NA,NA
Hyena_1341,4,27,17,NA,NA,NA,NA,NA
Hyena_1342,2,29,NA,NA,NA,NA,NA,NA
Hyena_1343,5,11,3,1,NA,NA,NA,NA
Hyena_1344,5,11,3,1,NA,NA,NA,NA
Hyena_1345,4,5,1,NA,NA,NA,NA,NA
Hyena_1346,4,5,1,NA,NA,NA,NA,NA
Hyena_1347,4,9,2,NA,NA,NA,NA,NA
Hyena_1348,4,9,2,NA,NA,NA,NA,NA
Hyena_1349,5,17,7,3,NA,NA,NA,NA
Hyena_1350,5,17,7,3,NA,NA,NA,NA
Hyena_1351,5,8,4,1,NA,NA,NA,NA
Hyena_1352,4,13,5,NA,NA,NA,NA,NA
Hyena_1353,4,13,5,NA,NA,NA,NA,NA
Hyena_1354,5,7,8,1,NA,NA,NA,NA
Hyena_1355,5,4,3,1,NA,NA,NA,NA
Hyena_1356,5,1,5,1,NA,NA,NA,NA
Hyena_1357,5,1,5,1,NA,NA,NA,NA
Hyena_1358,5,6,5,1,NA,NA,NA,NA
Hyena_1359,4,37,17,NA,NA,NA,NA,NA
Hyena_1360,4,37,17,NA,NA,NA,NA,NA
Hyena_1361,4,34,21,9,NA,NA,NA,NA
Hyena_1362,5,32,26,11,NA,NA,NA,NA
Hyena_1363,5,27,14,NA,NA,NA,NA,NA
Hyena_1364,5,23,18,3,NA,NA,NA,NA
Hyena_1365,5,2,5,1,NA,NA,NA,NA
Hyena_1366,5,2,5,1,NA,NA,NA,NA
Hyena_1367,5,16,3,1,NA,NA,NA,NA
Hyena_1368,5,16,3,1,NA,NA,NA,NA
Hyena_1369,5,9,8,1,NA,NA,NA,NA
Hyena_1370,5,9,8,1,NA,NA,NA,NA
Hyena_1371,5,1,5,1,NA,NA,NA,NA
Hyena_1372,5,1,5,1,NA,NA,NA,NA
Hyena_1373,4,13,2,NA,NA,NA,NA,NA
Hyena_1374,4,6,1,NA,NA,NA,NA,NA
Hyena_1375,4,6,1,NA,NA,NA,NA,NA
Hyena_1376,5,10,4,1,NA,NA,NA,NA
Hyena_1377,4,36,11,NA,NA,NA,NA,NA
Hyena_1378,5,15,2,2,NA,NA,NA,NA
Hyena_1379,6,17,5,3,1,NA,NA,NA
Hyena_1380,5,19,9,5,NA,NA,NA,NA
Hyena_1381,3,20,1,NA,NA,NA,NA,NA
Hyena_1382,5,25,10,3,NA,NA,NA,NA
Hyena_1383,5,25,10,3,NA,NA,NA,NA
Hyena_1384,5,5,3,1,NA,NA,NA,NA
Hyena_1385,5,5,3,1,NA,NA,NA,NA
Hyena_1386,5,23,7,3,NA,NA,NA,NA
Hyena_1387,5,22,11,3,NA,NA,NA,NA
Hyena_1388,5,8,5,1,NA,NA,NA,NA
Hyena_1389,5,8,5,1,NA,NA,NA,NA
Hyena_1390,5,9,5,1,NA,NA,NA,NA
Hyena_1391,5,9,5,1,NA,NA,NA,NA
Hyena_1392,6,18,5,3,1,NA,NA,NA
Hyena_1393,4,35,17,NA,NA,NA,NA,NA
Hyena_1394,4,35,17,NA,NA,NA,NA,NA
Hyena_1395,4,24,13,NA,NA,NA,NA,NA
Hyena_1396,4,24,13,NA,NA,NA,NA,NA
Hyena_1397,5,34,26,11,NA,NA,NA,NA
Hyena_1398,5,34,26,11,NA,NA,NA,NA
Hyena_1399,4,41,21,9,NA,NA,NA,NA
Hyena_1400,5,20,9,5,NA,NA,NA,NA
Hyena_1401,5,20,9,5,NA,NA,NA,NA
Hyena_1402,4,38,17,NA,NA,NA,NA,NA
Hyena_1403,4,38,17,NA,NA,NA,NA,NA
Hyena_1404,5,34,21,11,NA,NA,NA,NA
Hyena_1405,5,34,21,11,NA,NA,NA,NA
Hyena_1406,4,37,11,NA,NA,NA,NA,NA
Hyena_1407,6,3,1,5,1,NA,NA,NA
Hyena_1408,5,2,5,1,NA,NA,NA,NA
Hyena_1409,5,2,5,1,NA,NA,NA,NA
Hyena_1410,5,28,15,NA,NA,NA,NA,NA
Hyena_1411,5,30,7,NA,NA,NA,NA,NA
Hyena_1412,5,1,5,1,NA,NA,NA,NA
Hyena_1413,5,1,5,1,NA,NA,NA,NA
Hyena_1414,6,29,21,7,NA,NA,NA,NA
Hyena_1415,5,10,8,1,NA,NA,NA,NA
Hyena_1416,5,10,8,1,NA,NA,NA,NA
Hyena_1417,4,20,5,NA,NA,NA,NA,NA
Hyena_1418,6,13,7,4,1,NA,NA,NA
Hyena_1419,5,28,15,NA,NA,NA,NA,NA
Hyena_1420,5,28,15,NA,NA,NA,NA,NA
Hyena_1421,6,30,21,7,NA,NA,NA,NA
Hyena_1422,6,7,4,3,1,NA,NA,NA
Hyena_1423,6,7,4,3,1,NA,NA,NA
Hyena_1424,5,26,18,3,NA,NA,NA,NA
Hyena_1425,5,26,18,3,NA,NA,NA,NA
Hyena_1426,4,15,2,NA,NA,NA,NA,NA
Hyena_1427,5,19,3,1,NA,NA,NA,NA
Hyena_1428,4,8,1,NA,NA,NA,NA,NA
Hyena_1429,5,9,5,1,NA,NA,NA,NA
Hyena_1430,5,1,5,1,NA,NA,NA,NA
Hyena_1431,5,1,5,1,NA,NA,NA,NA
Hyena_1432,5,6,3,1,NA,NA,NA,NA
Hyena_1433,6,19,5,3,1,NA,NA,NA
Hyena_1434,5,17,2,2,NA,NA,NA,NA
Hyena_1435,5,3,5,1,NA,NA,NA,NA
Hyena_1436,5,3,5,1,NA,NA,NA,NA
Hyena_1437,5,14,5,1,NA,NA,NA,NA
Hyena_1438,6,4,1,5,1,NA,NA,NA
Hyena_1439,5,29,7,3,NA,NA,NA,NA
Hyena_1440,5,29,7,3,NA,NA,NA,NA
Hyena_1441,5,13,5,1,NA,NA,NA,NA
Hyena_1442,5,13,5,1,NA,NA,NA,NA
Hyena_1443,6,7,1,5,1,NA,NA,NA
Hyena_1444,5,15,8,1,NA,NA,NA,NA
Hyena_1445,5,15,8,1,NA,NA,NA,NA
Hyena_1446,5,31,18,3,NA,NA,NA,NA
Hyena_1447,5,31,18,3,NA,NA,NA,NA
Hyena_1448,5,28,11,3,NA,NA,NA,NA
Hyena_1449,5,1,5,1,NA,NA,NA,NA
Hyena_1450,5,1,5,1,NA,NA,NA,NA
Hyena_1451,5,18,4,1,NA,NA,NA,NA
Hyena_1452,6,3,1,5,1,NA,NA,NA
Hyena_1453,6,2,1,5,1,NA,NA,NA
Hyena_1454,5,37,10,3,NA,NA,NA,NA
Hyena_1455,6,2,1,5,1,NA,NA,NA
Hyena_1456,5,24,8,2,NA,NA,NA,NA
Hyena_1457,5,24,8,2,NA,NA,NA,NA
Hyena_1458,4,20,2,NA,NA,NA,NA,NA
Hyena_1459,5,27,9,5,NA,NA,NA,NA
Hyena_1460,6,9,4,3,1,NA,NA,NA
Hyena_1461,6,4,1,5,1,NA,NA,NA
Hyena_1462,6,4,1,5,1,NA,NA,NA
Hyena_1463,5,33,15,NA,NA,NA,NA,NA
Hyena_1464,5,1,5,1,NA,NA,NA,NA
Hyena_1465,5,1,5,1,NA,NA,NA,NA
Hyena_1466,5,4,5,1,NA,NA,NA,NA
Hyena_1467,5,4,5,1,NA,NA,NA,NA
Hyena_1468,5,31,21,11,NA,NA,NA,NA
Hyena_1469,6,24,5,3,1,NA,NA,NA
Hyena_1470,6,9,4,3,1,NA,NA,NA
Hyena_1471,6,9,4,3,1,NA,NA,NA
Hyena_1472,6,17,7,4,1,NA,NA,NA
Hyena_1473,6,17,7,4,1,NA,NA,NA
Hyena_1474,5,13,5,1,NA,NA,NA,NA
Hyena_1475,4,28,13,NA,NA,NA,NA,NA
Hyena_1476,5,10,5,1,NA,NA,NA,NA
Hyena_1477,5,10,5,1,NA,NA,NA,NA
Hyena_1478,6,3,1,5,1,NA,NA,NA
Hyena_1479,5,21,2,2,NA,NA,NA,NA
Hyena_1480,6,8,4,3,1,NA,NA,NA
Hyena_1481,5,24,11,3,NA,NA,NA,NA
Hyena_1482,5,24,11,3,NA,NA,NA,NA
Hyena_1483,5,1,5,1,NA,NA,NA,NA
Hyena_1484,4,18,2,NA,NA,NA,NA,NA
Hyena_1485,6,28,23,18,3,NA,NA,NA
Hyena_1486,6,3,1,5,1,NA,NA,NA
Hyena_1487,6,7,1,5,1,NA,NA,NA
Hyena_1488,6,7,1,5,1,NA,NA,NA
Hyena_1489,5,19,8,2,NA,NA,NA,NA
Hyena_1490,6,21,5,3,1,NA,NA,NA
Hyena_1491,4,31,21,9,NA,NA,NA,NA
Hyena_1492,5,23,9,5,NA,NA,NA,NA
Hyena_1493,5,17,9,2,NA,NA,NA,NA
Hyena_1494,6,2,1,5,1,NA,NA,NA
Hyena_1495,6,7,1,5,1,NA,NA,NA
Hyena_1496,5,24,27,11,NA,NA,NA,NA
Hyena_1497,5,1,5,1,NA,NA,NA,NA
Hyena_1498,5,1,5,1,NA,NA,NA,NA
Hyena_1499,6,2,1,5,1,NA,NA,NA
Hyena_1500,6,6,3,5,1,NA,NA,NA
Hyena_1501,5,9,4,1,NA,NA,NA,NA
Hyena_1502,5,13,2,2,NA,NA,NA,NA
Hyena_1503,4,17,13,NA,NA,NA,NA,NA
Hyena_1504,4,17,13,NA,NA,NA,NA,NA
Hyena_1505,6,3,1,5,1,NA,NA,NA
Hyena_1506,6,3,1,5,1,NA,NA,NA
Hyena_1507,4,11,2,NA,NA,NA,NA,NA
Hyena_1508,6,7,2,5,1,NA,NA,NA
Hyena_1509,5,1,5,1,NA,NA,NA,NA
Hyena_1510,5,1,5,1,NA,NA,NA,NA
Hyena_1511,6,2,1,5,1,NA,NA,NA
Hyena_1512,5,17,24,13,NA,NA,NA,NA
Hyena_1513,6,5,2,5,1,NA,NA,NA
Hyena_1514,6,6,1,5,1,NA,NA,NA
Hyena_1515,4,9,2,NA,NA,NA,NA,NA
Hyena_1516,5,21,27,11,NA,NA,NA,NA
Hyena_1517,7,4,4,1,5,1,NA,NA
Hyena_1518,5,16,24,13,NA,NA,NA,NA
Hyena_1519,5,18,26,11,NA,NA,NA,NA
Hyena_1520,6,1,1,5,1,NA,NA,NA
Hyena_1521,6,1,1,5,1,NA,NA,NA
Hyena_1522,6,13,23,7,3,NA,NA,NA
Hyena_1523,6,13,23,7,3,NA,NA,NA
Hyena_1524,5,13,9,5,NA,NA,NA,NA
Hyena_1525,6,7,10,4,1,NA,NA,NA
Hyena_1526,6,4,1,5,1,NA,NA,NA
Hyena_1527,5,12,9,2,NA,NA,NA,NA
Hyena_1528,7,5,4,1,5,1,NA,NA
Hyena_1529,5,20,27,11,NA,NA,NA,NA
Hyena_1530,5,20,27,11,NA,NA,NA,NA
Hyena_1531,6,1,1,5,1,NA,NA,NA
Hyena_1532,6,1,1,5,1,NA,NA,NA
Hyena_1533,6,2,1,5,1,NA,NA,NA
Hyena_1534,6,13,21,2,2,NA,NA,NA
Hyena_1535,5,11,18,2,NA,NA,NA,NA
Hyena_1536,5,11,18,2,NA,NA,NA,NA
Hyena_1537,6,4,1,5,1,NA,NA,NA
Hyena_1538,6,2,1,5,1,NA,NA,NA
Hyena_1539,5,11,9,2,NA,NA,NA,NA
Hyena_1540,7,6,4,1,5,1,NA,NA
Hyena_1541,5,10,18,2,NA,NA,NA,NA
Hyena_1542,4,12,13,NA,NA,NA,NA,NA
Hyena_1543,6,11,23,7,3,NA,NA,NA
Hyena_1544,6,11,23,7,3,NA,NA,NA
Hyena_1545,6,1,1,5,1,NA,NA,NA
Hyena_1546,6,1,1,5,1,NA,NA,NA
Hyena_1547,6,5,1,5,1,NA,NA,NA
Hyena_1548,6,5,1,5,1,NA,NA,NA
Hyena_1549,5,14,24,13,NA,NA,NA,NA
Hyena_1550,6,4,1,5,1,NA,NA,NA
Hyena_1551,6,4,1,5,1,NA,NA,NA
Hyena_1552,7,6,4,1,5,1,NA,NA
Hyena_1553,6,7,2,5,1,NA,NA,NA
Hyena_1554,6,7,2,5,1,NA,NA,NA
Hyena_1555,6,2,1,5,1,NA,NA,NA
Hyena_1556,6,3,1,5,1,NA,NA,NA
Hyena_1557,6,3,1,5,1,NA,NA,NA
Hyena_1558,5,9,18,2,NA,NA,NA,NA
Hyena_1559,7,7,4,1,5,1,NA,NA
Hyena_1560,7,7,4,1,5,1,NA,NA
Hyena_1561,6,1,1,5,1,NA,NA,NA
Hyena_1562,6,1,1,5,1,NA,NA,NA
Hyena_1563,6,8,2,5,1,NA,NA,NA
Hyena_1564,6,8,2,5,1,NA,NA,NA
Hyena_1565,6,5,1,5,1,NA,NA,NA
Hyena_1566,5,13,24,13,NA,NA,NA,NA
Hyena_1567,5,9,18,2,NA,NA,NA,NA
Hyena_1568,5,9,18,2,NA,NA,NA,NA
Hyena_1569,6,5,1,5,1,NA,NA,NA
Hyena_1570,6,5,1,5,1,NA,NA,NA
Hyena_1571,6,1,1,5,1,NA,NA,NA
Hyena_1572,6,13,23,7,3,NA,NA,NA
Hyena_1573,7,2,1,1,5,1,NA,NA
Hyena_1574,6,9,2,5,1,NA,NA,NA
Hyena_1575,6,9,2,5,1,NA,NA,NA
Hyena_1576,6,4,1,5,1,NA,NA,NA
Hyena_1577,7,2,1,1,5,1,NA,NA
Hyena_1578,6,1,1,5,1,NA,NA,NA
Hyena_1579,6,1,1,5,1,NA,NA,NA
Hyena_1580,6,6,1,5,1,NA,NA,NA
Hyena_1581,6,4,1,5,1,NA,NA,NA
Hyena_1582,6,4,1,5,1,NA,NA,NA
Hyena_1583,6,3,1,5,1,NA,NA,NA
Hyena_1584,7,2,1,1,5,1,NA,NA
Hyena_1585,7,2,1,1,5,1,NA,NA
Hyena_1586,5,15,28,13,NA,NA,NA,NA
Hyena_1587,5,11,18,2,NA,NA,NA,NA
Hyena_1588,5,11,18,2,NA,NA,NA,NA
Hyena_1589,7,3,3,1,5,1,NA,NA
Hyena_1590,6,6,1,5,1,NA,NA,NA
Hyena_1591,6,6,1,5,1,NA,NA,NA
Hyena_1592,6,2,1,5,1,NA,NA,NA
Hyena_1593,6,4,1,5,1,NA,NA,NA
Hyena_1594,6,15,14,24,13,NA,NA,NA
Hyena_1595,6,15,14,24,13,NA,NA,NA
Hyena_1596,7,5,4,1,5,1,NA,NA
Hyena_1597,6,10,10,18,2,NA,NA,NA
Hyena_1598,7,12,11,23,7,3,NA,NA
Hyena_1599,7,12,11,23,7,3,NA,NA
Hyena_1600,6,8,1,5,1,NA,NA,NA
Hyena_1601,6,5,1,5,1,NA,NA,NA
Hyena_1602,6,5,1,5,1,NA,NA,NA
Hyena_1603,6,12,23,7,3,NA,NA,NA
Hyena_1604,7,14,11,23,7,3,NA,NA
Hyena_1605,5,11,18,2,NA,NA,NA,NA
Hyena_1606,7,1,1,1,5,1,NA,NA
Hyena_1607,6,10,2,5,1,NA,NA,NA
Hyena_1608,8,2,2,1,1,5,1,NA
Hyena_1609,6,3,1,5,1,NA,NA,NA
Hyena_1633,2,7,NA,NA,NA,NA,NA,NA
Hyena_1634,2,10,NA,NA,NA,NA,NA,NA
Hyena_1635,2,1,NA,NA,NA,NA,NA,NA
Hyena_1636,2,1,NA,NA,NA,NA,NA,NA
Hyena_1637,2,5,NA,NA,NA,NA,NA,NA
Hyena_1638,2,5,NA,NA,NA,NA,NA,NA
Hyena_1639,2,13,NA,NA,NA,NA,NA,NA
Hyena_1642,2,8,NA,NA,NA,NA,NA,NA
Hyena_1643,2,8,NA,NA,NA,NA,NA,NA
Hyena_1644,3,6,NA,NA,NA,NA,NA,NA
Hyena_1646,2,4,NA,NA,NA,NA,NA,NA
Hyena_1647,3,3,NA,NA,NA,NA,NA,NA
Hyena_1648,3,2,NA,NA,NA,NA,NA,NA
Hyena_1649,2,12,NA,NA,NA,NA,NA,NA
Hyena_1650,2,13,NA,NA,NA,NA,NA,NA
Hyena_1651,3,2,NA,NA,NA,NA,NA,NA
Hyena_1652,3,2,NA,NA,NA,NA,NA,NA
Hyena_1653,3,1,NA,NA,NA,NA,NA,NA
Hyena_1654,2,4,NA,NA,NA,NA,NA,NA
Hyena_1655,2,4,NA,NA,NA,NA,NA,NA
Hyena_1656,2,11,NA,NA,NA,NA,NA,NA
Hyena_1657,2,11,NA,NA,NA,NA,NA,NA
Hyena_1658,2,7,NA,NA,NA,NA,NA,NA
Hyena_1659,2,7,NA,NA,NA,NA,NA,NA
Hyena_1660,3,8,NA,NA,NA,NA,NA,NA
Hyena_1661,3,6,NA,NA,NA,NA,NA,NA
Hyena_1662,3,6,NA,NA,NA,NA,NA,NA
Hyena_1663,2,9,NA,NA,NA,NA,NA,NA
Hyena_1664,2,9,NA,NA,NA,NA,NA,NA
Hyena_1665,3,8,NA,NA,NA,NA,NA,NA
Hyena_1666,3,10,NA,NA,NA,NA,NA,NA
Hyena_1667,3,10,NA,NA,NA,NA,NA,NA
Hyena_1668,2,13,NA,NA,NA,NA,NA,NA
Hyena_1669,3,9,NA,NA,NA,NA,NA,NA
Hyena_1670,3,6,NA,NA,NA,NA,NA,NA
Hyena_1671,2,5,NA,NA,NA,NA,NA,NA
Hyena_1672,2,5,NA,NA,NA,NA,NA,NA
Hyena_1673,2,8,NA,NA,NA,NA,NA,NA
Hyena_1674,2,8,NA,NA,NA,NA,NA,NA
Hyena_1675,3,3,NA,NA,NA,NA,NA,NA
Hyena_1676,3,3,NA,NA,NA,NA,NA,NA
Hyena_1677,4,4,NA,NA,NA,NA,NA,NA
Hyena_1678,2,12,NA,NA,NA,NA,NA,NA
Hyena_1679,2,12,NA,NA,NA,NA,NA,NA
Hyena_1680,2,13,NA,NA,NA,NA,NA,NA
Hyena_1681,3,2,1,NA,NA,NA,NA,NA
Hyena_1682,3,2,1,NA,NA,NA,NA,NA
Hyena_1683,4,9,6,NA,NA,NA,NA,NA
Hyena_1684,4,9,6,NA,NA,NA,NA,NA
Hyena_1685,3,1,NA,NA,NA,NA,NA,NA
Hyena_1686,3,1,NA,NA,NA,NA,NA,NA
Hyena_1687,3,12,10,NA,NA,NA,NA,NA
Hyena_1688,3,12,10,NA,NA,NA,NA,NA
Hyena_1689,3,13,NA,NA,NA,NA,NA,NA
Hyena_1690,3,13,NA,NA,NA,NA,NA,NA
Hyena_1691,4,7,NA,NA,NA,NA,NA,NA
Hyena_1692,4,7,NA,NA,NA,NA,NA,NA
Hyena_1693,4,2,1,NA,NA,NA,NA,NA
Hyena_1694,4,2,1,NA,NA,NA,NA,NA
Hyena_1695,3,9,NA,NA,NA,NA,NA,NA
Hyena_1696,3,9,NA,NA,NA,NA,NA,NA
Hyena_1697,3,4,NA,NA,NA,NA,NA,NA
Hyena_1698,3,4,NA,NA,NA,NA,NA,NA
Hyena_1699,2,8,NA,NA,NA,NA,NA,NA
Hyena_1700,4,5,2,NA,NA,NA,NA,NA
Hyena_1701,3,1,NA,NA,NA,NA,NA,NA
Hyena_1702,3,1,NA,NA,NA,NA,NA,NA
Hyena_1703,2,11,NA,NA,NA,NA,NA,NA
Hyena_1704,3,4,NA,NA,NA,NA,NA,NA
Hyena_1705,3,4,NA,NA,NA,NA,NA,NA
Hyena_1706,3,13,10,NA,NA,NA,NA,NA
Hyena_1707,3,13,10,NA,NA,NA,NA,NA
Hyena_1708,3,14,NA,NA,NA,NA,NA,NA
Hyena_1709,3,14,NA,NA,NA,NA,NA,NA
Hyena_1710,4,7,2,NA,NA,NA,NA,NA
Hyena_1711,4,7,2,NA,NA,NA,NA,NA
Hyena_1712,2,9,NA,NA,NA,NA,NA,NA
Hyena_1713,2,9,NA,NA,NA,NA,NA,NA
Hyena_1714,6,22,7,5,2,NA,NA,NA
Hyena_1715,3,10,NA,NA,NA,NA,NA,NA
Hyena_1716,4,11,6,NA,NA,NA,NA,NA
Hyena_1717,2,13,NA,NA,NA,NA,NA,NA
Hyena_1718,2,13,NA,NA,NA,NA,NA,NA
Hyena_1719,4,3,2,NA,NA,NA,NA,NA
Hyena_1720,4,3,2,NA,NA,NA,NA,NA
Hyena_1721,4,8,NA,NA,NA,NA,NA,NA
Hyena_1722,4,8,NA,NA,NA,NA,NA,NA
Hyena_1723,4,7,1,NA,NA,NA,NA,NA
Hyena_1724,4,7,1,NA,NA,NA,NA,NA
Hyena_1725,4,2,3,NA,NA,NA,NA,NA
Hyena_1726,3,8,1,NA,NA,NA,NA,NA
Hyena_1727,3,8,1,NA,NA,NA,NA,NA
Hyena_1728,3,5,NA,NA,NA,NA,NA,NA
Hyena_1729,3,5,NA,NA,NA,NA,NA,NA
Hyena_1730,4,6,1,NA,NA,NA,NA,NA
Hyena_1731,2,11,NA,NA,NA,NA,NA,NA
Hyena_1732,2,11,NA,NA,NA,NA,NA,NA
Hyena_1733,4,5,2,NA,NA,NA,NA,NA
Hyena_1734,4,5,2,NA,NA,NA,NA,NA
Hyena_1735,3,1,NA,NA,NA,NA,NA,NA
Hyena_1736,4,12,NA,NA,NA,NA,NA,NA
Hyena_1737,4,3,2,NA,NA,NA,NA,NA
Hyena_1738,4,3,2,NA,NA,NA,NA,NA
Hyena_1739,3,14,NA,NA,NA,NA,NA,NA
Hyena_1740,3,14,NA,NA,NA,NA,NA,NA
Hyena_1741,4,9,1,NA,NA,NA,NA,NA
Hyena_1742,4,17,6,NA,NA,NA,NA,NA
Hyena_1743,4,17,6,NA,NA,NA,NA,NA
Hyena_1744,3,17,NA,NA,NA,NA,NA,NA
Hyena_1745,4,11,1,NA,NA,NA,NA,NA
Hyena_1746,4,3,3,NA,NA,NA,NA,NA
Hyena_1747,4,3,3,NA,NA,NA,NA,NA
Hyena_1748,3,8,NA,NA,NA,NA,NA,NA
Hyena_1749,3,1,NA,NA,NA,NA,NA,NA
Hyena_1750,4,2,4,NA,NA,NA,NA,NA
Hyena_1751,3,12,1,NA,NA,NA,NA,NA
Hyena_1752,3,12,1,NA,NA,NA,NA,NA
Hyena_1753,4,11,1,NA,NA,NA,NA,NA
Hyena_1754,4,17,6,NA,NA,NA,NA,NA
Hyena_1755,4,17,6,NA,NA,NA,NA,NA
Hyena_1756,5,5,5,2,NA,NA,NA,NA
Hyena_1757,5,5,5,2,NA,NA,NA,NA
Hyena_1758,4,4,2,NA,NA,NA,NA,NA
Hyena_1759,4,4,2,NA,NA,NA,NA,NA
Hyena_1760,4,9,1,NA,NA,NA,NA,NA
Hyena_1761,3,16,NA,NA,NA,NA,NA,NA
Hyena_1762,3,16,NA,NA,NA,NA,NA,NA
Hyena_1763,4,10,1,NA,NA,NA,NA,NA
Hyena_1764,4,10,1,NA,NA,NA,NA,NA
Hyena_1765,2,13,NA,NA,NA,NA,NA,NA
Hyena_1766,2,13,NA,NA,NA,NA,NA,NA
Hyena_1767,4,6,2,NA,NA,NA,NA,NA
Hyena_1768,4,6,2,NA,NA,NA,NA,NA
Hyena_1769,3,19,NA,NA,NA,NA,NA,NA
Hyena_1770,4,3,3,NA,NA,NA,NA,NA
Hyena_1771,4,3,3,NA,NA,NA,NA,NA
Hyena_1772,4,11,1,NA,NA,NA,NA,NA
Hyena_1773,4,2,4,NA,NA,NA,NA,NA
Hyena_1774,3,12,1,NA,NA,NA,NA,NA
Hyena_1775,5,5,5,2,NA,NA,NA,NA
Hyena_1776,5,5,5,2,NA,NA,NA,NA
Hyena_1777,4,9,1,NA,NA,NA,NA,NA
Hyena_1778,4,11,NA,NA,NA,NA,NA,NA
Hyena_1779,4,11,NA,NA,NA,NA,NA,NA
Hyena_1780,4,4,2,NA,NA,NA,NA,NA
Hyena_1781,4,4,2,NA,NA,NA,NA,NA
Hyena_1782,4,8,1,NA,NA,NA,NA,NA
Hyena_1783,4,8,1,NA,NA,NA,NA,NA
Hyena_1784,2,13,NA,NA,NA,NA,NA,NA
Hyena_1785,4,16,6,NA,NA,NA,NA,NA
Hyena_1786,4,16,6,NA,NA,NA,NA,NA
Hyena_1787,4,10,1,NA,NA,NA,NA,NA
Hyena_1788,3,15,NA,NA,NA,NA,NA,NA
Hyena_1789,4,6,2,NA,NA,NA,NA,NA
Hyena_1790,4,6,2,NA,NA,NA,NA,NA
Hyena_1791,4,2,4,NA,NA,NA,NA,NA
Hyena_1792,4,2,4,NA,NA,NA,NA,NA
Hyena_1793,3,15,NA,NA,NA,NA,NA,NA
Hyena_1794,5,7,5,2,NA,NA,NA,NA
Hyena_1795,4,3,3,NA,NA,NA,NA,NA
Hyena_1796,4,3,3,NA,NA,NA,NA,NA
Hyena_1797,5,5,5,2,NA,NA,NA,NA
Hyena_1798,5,5,5,2,NA,NA,NA,NA
Hyena_1799,3,13,1,NA,NA,NA,NA,NA
Hyena_1800,3,13,1,NA,NA,NA,NA,NA
Hyena_1801,4,4,2,NA,NA,NA,NA,NA
Hyena_1802,4,4,2,NA,NA,NA,NA,NA
Hyena_1803,4,9,1,NA,NA,NA,NA,NA
Hyena_1804,4,9,1,NA,NA,NA,NA,NA
Hyena_1805,3,16,11,NA,NA,NA,NA,NA
Hyena_1806,3,16,11,NA,NA,NA,NA,NA
Hyena_1807,4,8,1,NA,NA,NA,NA,NA
Hyena_1808,4,8,1,NA,NA,NA,NA,NA
Hyena_1809,2,14,NA,NA,NA,NA,NA,NA
Hyena_1810,2,14,NA,NA,NA,NA,NA,NA
Hyena_1811,4,11,NA,NA,NA,NA,NA,NA
Hyena_1812,4,11,NA,NA,NA,NA,NA,NA
Hyena_1813,4,1,4,NA,NA,NA,NA,NA
Hyena_1814,4,3,3,NA,NA,NA,NA,NA
Hyena_1815,4,3,3,NA,NA,NA,NA,NA
Hyena_1816,4,6,2,NA,NA,NA,NA,NA
Hyena_1817,4,16,6,NA,NA,NA,NA,NA
Hyena_1818,4,10,1,NA,NA,NA,NA,NA
Hyena_1819,4,10,1,NA,NA,NA,NA,NA
Hyena_1820,5,5,5,2,NA,NA,NA,NA
Hyena_1821,5,7,5,2,NA,NA,NA,NA
Hyena_1822,5,7,5,2,NA,NA,NA,NA
Hyena_1823,5,18,17,6,NA,NA,NA,NA
Hyena_1824,5,18,17,6,NA,NA,NA,NA
Hyena_1825,4,8,2,NA,NA,NA,NA,NA
Hyena_1826,4,8,2,NA,NA,NA,NA,NA
Hyena_1827,4,13,1,NA,NA,NA,NA,NA
Hyena_1828,4,13,1,NA,NA,NA,NA,NA
Hyena_1829,4,14,1,NA,NA,NA,NA,NA
Hyena_1830,5,2,2,4,NA,NA,NA,NA
Hyena_1831,4,5,3,NA,NA,NA,NA,NA
Hyena_1832,5,2,2,4,NA,NA,NA,NA
Hyena_1833,4,1,4,NA,NA,NA,NA,NA
Hyena_1834,4,5,3,NA,NA,NA,NA,NA
Hyena_1835,5,9,5,2,NA,NA,NA,NA
Hyena_1836,5,9,5,2,NA,NA,NA,NA
Hyena_1837,4,18,1,NA,NA,NA,NA,NA
Hyena_1838,4,25,6,NA,NA,NA,NA,NA
Hyena_1839,4,25,6,NA,NA,NA,NA,NA
Hyena_1840,5,14,5,2,NA,NA,NA,NA
Hyena_1841,4,16,1,NA,NA,NA,NA,NA
Hyena_1842,4,16,1,NA,NA,NA,NA,NA
Hyena_1843,5,26,17,6,NA,NA,NA,NA
Hyena_1844,5,26,17,6,NA,NA,NA,NA
Hyena_1845,5,20,11,NA,NA,NA,NA,NA
Hyena_1846,5,3,2,4,NA,NA,NA,NA
Hyena_1847,5,13,6,2,NA,NA,NA,NA
Hyena_1848,4,2,4,NA,NA,NA,NA,NA
Hyena_1849,4,2,4,NA,NA,NA,NA,NA
Hyena_1850,4,8,2,NA,NA,NA,NA,NA
Hyena_1851,4,8,2,NA,NA,NA,NA,NA
Hyena_1852,4,5,3,NA,NA,NA,NA,NA
Hyena_1853,4,5,3,NA,NA,NA,NA,NA
Hyena_1854,5,6,3,3,NA,NA,NA,NA
Hyena_1855,4,19,1,NA,NA,NA,NA,NA
Hyena_1856,4,19,1,NA,NA,NA,NA,NA
Hyena_1857,5,3,1,4,NA,NA,NA,NA
Hyena_1858,5,7,3,3,NA,NA,NA,NA
Hyena_1859,5,12,5,2,NA,NA,NA,NA
Hyena_1860,4,17,1,NA,NA,NA,NA,NA
Hyena_1861,5,23,10,1,NA,NA,NA,NA
Hyena_1862,6,2,2,2,4,NA,NA,NA
Hyena_1863,5,1,2,4,NA,NA,NA,NA
Hyena_1864,5,1,2,4,NA,NA,NA,NA
Hyena_1865,5,4,2,4,NA,NA,NA,NA
Hyena_1866,4,21,1,NA,NA,NA,NA,NA
Hyena_1867,5,14,5,2,NA,NA,NA,NA
Hyena_1868,5,7,6,2,NA,NA,NA,NA
Hyena_1869,5,25,11,NA,NA,NA,NA,NA
Hyena_1870,5,25,11,NA,NA,NA,NA,NA
Hyena_1871,5,13,6,2,NA,NA,NA,NA
Hyena_1872,5,2,3,3,NA,NA,NA,NA
Hyena_1873,5,2,3,3,NA,NA,NA,NA
Hyena_1874,5,29,16,6,NA,NA,NA,NA
Hyena_1875,4,28,6,NA,NA,NA,NA,NA
Hyena_1876,5,11,4,2,NA,NA,NA,NA
Hyena_1877,5,11,4,2,NA,NA,NA,NA
Hyena_1878,5,12,4,2,NA,NA,NA,NA
Hyena_1879,5,12,4,2,NA,NA,NA,NA
Hyena_1880,5,29,16,6,NA,NA,NA,NA
Hyena_1881,5,5,1,4,NA,NA,NA,NA
Hyena_1882,5,7,5,2,NA,NA,NA,NA
Hyena_1883,4,19,1,NA,NA,NA,NA,NA
Hyena_1884,4,19,1,NA,NA,NA,NA,NA
Hyena_1885,5,31,17,6,NA,NA,NA,NA
Hyena_1886,5,31,17,6,NA,NA,NA,NA
Hyena_1887,4,23,1,NA,NA,NA,NA,NA
Hyena_1888,5,6,2,4,NA,NA,NA,NA
Hyena_1889,5,12,8,2,NA,NA,NA,NA
Hyena_1890,5,12,8,2,NA,NA,NA,NA
Hyena_1891,4,22,1,NA,NA,NA,NA,NA
Hyena_1892,4,22,1,NA,NA,NA,NA,NA
Hyena_1893,5,24,10,1,NA,NA,NA,NA
Hyena_1894,5,24,10,1,NA,NA,NA,NA
Hyena_1895,5,18,5,2,NA,NA,NA,NA
Hyena_1896,4,1,3,NA,NA,NA,NA,NA
Hyena_1897,4,1,3,NA,NA,NA,NA,NA
Hyena_1898,5,17,4,2,NA,NA,NA,NA
Hyena_1899,5,17,4,2,NA,NA,NA,NA
Hyena_1900,4,25,1,NA,NA,NA,NA,NA
Hyena_1901,4,25,1,NA,NA,NA,NA,NA
Hyena_1902,5,16,4,2,NA,NA,NA,NA
Hyena_1903,5,16,4,2,NA,NA,NA,NA
Hyena_1904,5,29,10,1,NA,NA,NA,NA
Hyena_1905,4,13,2,NA,NA,NA,NA,NA
Hyena_1906,4,13,2,NA,NA,NA,NA,NA
Hyena_1907,5,35,17,6,NA,NA,NA,NA
Hyena_1908,5,18,6,2,NA,NA,NA,NA
Hyena_1909,5,18,6,2,NA,NA,NA,NA
Hyena_1910,5,14,8,2,NA,NA,NA,NA
Hyena_1911,5,14,8,2,NA,NA,NA,NA
Hyena_1912,3,31,14,NA,NA,NA,NA,NA
Hyena_1913,6,5,2,2,4,NA,NA,NA
Hyena_1914,5,24,13,1,NA,NA,NA,NA
Hyena_1915,5,10,5,2,NA,NA,NA,NA
Hyena_1916,5,3,3,3,NA,NA,NA,NA
Hyena_1917,5,2,3,3,NA,NA,NA,NA
Hyena_1918,5,2,3,3,NA,NA,NA,NA
Hyena_1919,5,32,16,6,NA,NA,NA,NA
Hyena_1920,6,4,7,3,3,NA,NA,NA
Hyena_1921,5,7,1,4,NA,NA,NA,NA
Hyena_1922,5,7,1,4,NA,NA,NA,NA
Hyena_1923,5,13,6,2,NA,NA,NA,NA
Hyena_1924,5,13,6,2,NA,NA,NA,NA
Hyena_1925,5,15,8,2,NA,NA,NA,NA
Hyena_1926,5,15,8,2,NA,NA,NA,NA
Hyena_1927,5,5,2,4,NA,NA,NA,NA
Hyena_1928,4,1,3,NA,NA,NA,NA,NA
Hyena_1929,4,1,3,NA,NA,NA,NA,NA
Hyena_1930,6,12,9,5,2,NA,NA,NA
Hyena_1931,5,29,10,1,NA,NA,NA,NA
Hyena_1932,5,29,10,1,NA,NA,NA,NA
Hyena_1933,5,5,2,4,NA,NA,NA,NA
Hyena_1934,5,19,5,2,NA,NA,NA,NA
Hyena_1935,6,20,14,5,2,NA,NA,NA
Hyena_1936,5,33,17,6,NA,NA,NA,NA
Hyena_1937,5,3,3,3,NA,NA,NA,NA
Hyena_1938,5,3,3,3,NA,NA,NA,NA
Hyena_1939,5,4,3,3,NA,NA,NA,NA
Hyena_1940,5,4,3,3,NA,NA,NA,NA
Hyena_1941,4,27,1,NA,NA,NA,NA,NA
Hyena_1942,4,27,1,NA,NA,NA,NA,NA
Hyena_1943,5,14,13,1,NA,NA,NA,NA
Hyena_1944,5,9,6,2,NA,NA,NA,NA
Hyena_1945,5,9,6,2,NA,NA,NA,NA
Hyena_1946,6,4,2,2,4,NA,NA,NA
Hyena_1947,6,4,2,2,4,NA,NA,NA
Hyena_1948,4,13,1,NA,NA,NA,NA,NA
Hyena_1949,5,17,16,6,NA,NA,NA,NA
Hyena_1950,5,10,8,2,NA,NA,NA,NA
Hyena_1951,5,10,8,2,NA,NA,NA,NA
Hyena_1952,6,8,12,5,2,NA,NA,NA
Hyena_1953,5,3,1,4,NA,NA,NA,NA
Hyena_1954,5,11,4,2,NA,NA,NA,NA
Hyena_1955,5,2,2,4,NA,NA,NA,NA
Hyena_1956,5,1,2,4,NA,NA,NA,NA
Hyena_1957,5,1,2,4,NA,NA,NA,NA
Hyena_1958,5,7,5,2,NA,NA,NA,NA
Hyena_1959,5,7,5,2,NA,NA,NA,NA
Hyena_1960,6,12,14,5,2,NA,NA,NA
Hyena_1961,6,12,14,5,2,NA,NA,NA
Hyena_1962,5,14,13,1,NA,NA,NA,NA
Hyena_1963,6,17,26,17,6,NA,NA,NA
Hyena_1964,6,17,26,17,6,NA,NA,NA
Hyena_1965,4,13,1,NA,NA,NA,NA,NA
Hyena_1966,5,1,2,4,NA,NA,NA,NA
Hyena_1967,5,12,13,1,NA,NA,NA,NA
Hyena_1968,5,1,2,4,NA,NA,NA,NA
Hyena_1969,5,3,2,4,NA,NA,NA,NA
Hyena_1970,5,14,16,6,NA,NA,NA,NA
Hyena_1971,5,3,2,4,NA,NA,NA,NA
Hyena_1972,5,14,16,6,NA,NA,NA,NA
Hyena_1973,5,4,2,4,NA,NA,NA,NA
Hyena_1974,5,4,2,4,NA,NA,NA,NA
Hyena_1975,5,8,8,2,NA,NA,NA,NA
Hyena_1976,6,6,12,5,2,NA,NA,NA
Hyena_1977,5,7,6,2,NA,NA,NA,NA
Hyena_1978,5,7,6,2,NA,NA,NA,NA
Hyena_1979,5,9,4,2,NA,NA,NA,NA
Hyena_1980,5,9,4,2,NA,NA,NA,NA
Hyena_1981,6,2,5,2,4,NA,NA,NA
Hyena_1982,6,2,5,2,4,NA,NA,NA
Hyena_1983,6,12,14,5,2,NA,NA,NA
Hyena_1984,6,12,14,5,2,NA,NA,NA
Hyena_1985,5,6,1,3,NA,NA,NA,NA
Hyena_1986,5,6,1,3,NA,NA,NA,NA
Hyena_1987,5,1,2,4,NA,NA,NA,NA
Hyena_1988,5,11,4,2,NA,NA,NA,NA
Hyena_1989,7,14,20,14,5,2,NA,NA
Hyena_1990,7,14,20,14,5,2,NA,NA
Hyena_1991,6,4,2,2,4,NA,NA,NA
Hyena_1992,5,11,4,2,NA,NA,NA,NA
Hyena_1993,6,9,12,5,2,NA,NA,NA
Hyena_1994,6,9,12,5,2,NA,NA,NA
Hyena_1995,5,17,13,1,NA,NA,NA,NA
Hyena_1996,5,5,2,4,NA,NA,NA,NA
Hyena_1997,6,4,5,2,4,NA,NA,NA
Hyena_1998,6,4,5,2,4,NA,NA,NA
Hyena_1999,5,5,2,4,NA,NA,NA,NA
Hyena_2000,5,10,8,2,NA,NA,NA,NA
Hyena_2001,6,16,14,5,2,NA,NA,NA
Hyena_2002,6,16,14,5,2,NA,NA,NA
Hyena_2003,5,12,6,2,NA,NA,NA,NA
Hyena_2004,5,12,6,2,NA,NA,NA,NA
Hyena_2005,5,1,2,4,NA,NA,NA,NA
Hyena_2006,5,1,2,4,NA,NA,NA,NA
Hyena_2007,6,18,11,4,2,NA,NA,NA
Hyena_2008,6,18,11,4,2,NA,NA,NA
Hyena_2009,6,3,1,2,4,NA,NA,NA
Hyena_2010,6,2,1,2,4,NA,NA,NA
Hyena_2011,6,24,14,13,1,NA,NA,NA
Hyena_2012,6,24,14,13,1,NA,NA,NA
Hyena_2013,6,9,2,2,4,NA,NA,NA
Hyena_2014,6,2,1,2,4,NA,NA,NA
Hyena_2015,7,16,20,14,5,2,NA,NA
Hyena_2016,6,8,3,2,4,NA,NA,NA
Hyena_2017,6,4,5,2,4,NA,NA,NA
Hyena_2018,5,3,2,4,NA,NA,NA,NA
Hyena_2019,5,15,1,3,NA,NA,NA,NA
Hyena_2020,6,1,1,2,4,NA,NA,NA
Hyena_2021,6,1,1,2,4,NA,NA,NA
Hyena_2022,7,5,2,5,2,4,NA,NA
Hyena_2023,7,5,2,5,2,4,NA,NA
Hyena_2024,5,7,2,4,NA,NA,NA,NA
Hyena_2025,5,7,2,4,NA,NA,NA,NA
Hyena_2026,6,13,14,5,2,NA,NA,NA
Hyena_2027,6,13,14,5,2,NA,NA,NA
Hyena_2028,5,3,2,4,NA,NA,NA,NA
Hyena_2029,6,2,1,2,4,NA,NA,NA
Hyena_2030,6,2,1,2,4,NA,NA,NA
Hyena_2031,5,12,6,2,NA,NA,NA,NA
Hyena_2032,6,6,3,2,4,NA,NA,NA
Hyena_2033,6,6,3,2,4,NA,NA,NA
Hyena_2034,6,1,1,2,4,NA,NA,NA
Hyena_2035,6,1,1,2,4,NA,NA,NA
Hyena_2036,6,5,5,2,4,NA,NA,NA
Hyena_2037,5,11,6,2,NA,NA,NA,NA
Hyena_2038,7,13,20,14,5,2,NA,NA
Hyena_2039,5,3,2,4,NA,NA,NA,NA
Hyena_2040,6,7,5,2,4,NA,NA,NA
Hyena_2041,6,7,5,2,4,NA,NA,NA
Hyena_2042,7,8,2,5,2,4,NA,NA
Hyena_2043,7,8,2,5,2,4,NA,NA
Hyena_2044,7,10,2,5,2,4,NA,NA
Hyena_2045,7,10,2,5,2,4,NA,NA
Hyena_2046,6,2,1,2,4,NA,NA,NA
Hyena_2047,6,2,1,2,4,NA,NA,NA
Hyena_2048,6,1,1,2,4,NA,NA,NA
Hyena_2049,6,1,1,2,4,NA,NA,NA
Hyena_2050,5,3,2,4,NA,NA,NA,NA
Hyena_2051,6,10,4,2,4,NA,NA,NA
Hyena_2052,7,11,2,5,2,4,NA,NA
Hyena_2053,6,8,3,2,4,NA,NA,NA
Hyena_2054,6,8,3,2,4,NA,NA,NA
Hyena_2055,5,6,2,4,NA,NA,NA,NA
Hyena_2056,5,6,2,4,NA,NA,NA,NA
Hyena_2057,7,12,2,5,2,4,NA,NA
Hyena_2058,6,7,5,2,4,NA,NA,NA
Hyena_2059,6,12,5,2,4,NA,NA,NA
Hyena_2060,6,12,5,2,4,NA,NA,NA
Hyena_2061,7,17,16,14,5,2,NA,NA
Hyena_2062,7,17,16,14,5,2,NA,NA
Hyena_2063,7,5,2,1,2,4,NA,NA
Hyena_2064,7,2,1,1,2,4,NA,NA
Hyena_2065,7,6,2,1,2,4,NA,NA
Hyena_2066,7,6,2,1,2,4,NA,NA
Hyena_2067,6,4,1,2,4,NA,NA,NA
Hyena_2068,6,4,1,2,4,NA,NA,NA
Hyena_2069,7,13,4,5,2,4,NA,NA
Hyena_2070,6,1,1,2,4,NA,NA,NA
Hyena_2071,7,3,1,1,2,4,NA,NA
Hyena_2072,7,3,1,1,2,4,NA,NA
Hyena_2073,7,10,6,3,2,4,NA,NA
Hyena_2074,7,10,6,3,2,4,NA,NA
Hyena_2075,7,14,2,5,2,4,NA,NA
Hyena_2076,7,14,2,5,2,4,NA,NA
Hyena_2077,5,7,2,4,NA,NA,NA,NA
Hyena_2078,5,7,2,4,NA,NA,NA,NA
Hyena_2079,6,16,4,2,4,NA,NA,NA
Hyena_2080,6,9,3,2,4,NA,NA,NA
Hyena_2081,7,3,1,1,2,4,NA,NA
Hyena_2082,6,8,5,2,4,NA,NA,NA
Hyena_2083,6,8,5,2,4,NA,NA,NA
Hyena_2084,6,1,1,2,4,NA,NA,NA
Hyena_2085,6,1,1,2,4,NA,NA,NA
Hyena_2086,6,19,15,1,3,NA,NA,NA
Hyena_2087,6,9,3,2,4,NA,NA,NA
Hyena_2088,7,6,2,1,2,4,NA,NA
Hyena_2089,7,7,2,1,2,4,NA,NA
Hyena_2090,7,7,2,1,2,4,NA,NA
Hyena_2091,6,13,5,2,4,NA,NA,NA
Hyena_2092,7,12,6,3,2,4,NA,NA
Hyena_2093,7,12,6,3,2,4,NA,NA
Hyena_2094,7,17,2,5,2,4,NA,NA
Hyena_2095,7,17,2,5,2,4,NA,NA
Hyena_2096,6,5,1,2,4,NA,NA,NA
Hyena_2097,7,4,1,1,2,4,NA,NA
Hyena_2098,7,16,4,5,2,4,NA,NA
Hyena_2099,7,16,4,5,2,4,NA,NA
Hyena_2100,7,13,6,3,2,4,NA,NA
Hyena_2101,7,13,6,3,2,4,NA,NA
Hyena_2102,6,9,6,2,4,NA,NA,NA
Hyena_2103,6,9,6,2,4,NA,NA,NA
Hyena_2104,7,23,16,14,5,2,NA,NA
Hyena_2105,7,23,16,14,5,2,NA,NA
Hyena_2106,7,8,1,1,2,4,NA,NA
Hyena_2107,7,8,1,1,2,4,NA,NA
Hyena_2108,7,19,2,5,2,4,NA,NA
Hyena_2109,7,19,2,5,2,4,NA,NA
Hyena_2110,7,3,2,1,2,4,NA,NA
Hyena_2111,7,3,2,1,2,4,NA,NA
Hyena_2112,6,4,1,2,4,NA,NA,NA
Hyena_2113,6,4,1,2,4,NA,NA,NA
Hyena_2114,6,1,1,2,4,NA,NA,NA
Hyena_2115,6,1,1,2,4,NA,NA,NA
Hyena_2116,7,7,1,1,2,4,NA,NA
Hyena_2117,7,7,1,1,2,4,NA,NA
Hyena_2118,7,11,7,5,2,4,NA,NA
Hyena_2131,2,1,NA,NA,NA,NA,NA,NA
Hyena_2132,2,5,NA,NA,NA,NA,NA,NA
Hyena_2133,2,3,NA,NA,NA,NA,NA,NA
Hyena_2134,2,6,NA,NA,NA,NA,NA,NA
Hyena_2135,2,6,NA,NA,NA,NA,NA,NA
Hyena_2136,2,4,NA,NA,NA,NA,NA,NA
Hyena_2137,2,1,NA,NA,NA,NA,NA,NA
Hyena_2138,2,1,NA,NA,NA,NA,NA,NA
Hyena_2139,2,2,NA,NA,NA,NA,NA,NA
Hyena_2140,2,2,NA,NA,NA,NA,NA,NA
Hyena_2141,2,6,NA,NA,NA,NA,NA,NA
Hyena_2142,2,6,NA,NA,NA,NA,NA,NA
Hyena_2143,2,4,NA,NA,NA,NA,NA,NA
Hyena_2144,2,4,NA,NA,NA,NA,NA,NA
Hyena_2145,2,3,NA,NA,NA,NA,NA,NA
Hyena_2146,2,1,NA,NA,NA,NA,NA,NA
Hyena_2147,2,1,NA,NA,NA,NA,NA,NA
Hyena_2148,2,5,NA,NA,NA,NA,NA,NA
Hyena_2149,2,5,NA,NA,NA,NA,NA,NA
Hyena_2150,2,3,NA,NA,NA,NA,NA,NA
Hyena_2151,2,3,NA,NA,NA,NA,NA,NA
Hyena_2152,2,5,NA,NA,NA,NA,NA,NA
Hyena_2153,2,5,NA,NA,NA,NA,NA,NA
Hyena_2154,2,6,NA,NA,NA,NA,NA,NA
Hyena_2155,3,2,1,NA,NA,NA,NA,NA
Hyena_2156,2,4,NA,NA,NA,NA,NA,NA
Hyena_2157,2,1,NA,NA,NA,NA,NA,NA
Hyena_2158,2,6,NA,NA,NA,NA,NA,NA
Hyena_2159,2,6,NA,NA,NA,NA,NA,NA
Hyena_2160,3,2,1,NA,NA,NA,NA,NA
Hyena_2161,3,4,2,NA,NA,NA,NA,NA
Hyena_2162,3,4,2,NA,NA,NA,NA,NA
Hyena_2163,2,6,NA,NA,NA,NA,NA,NA
Hyena_2164,3,3,1,NA,NA,NA,NA,NA
Hyena_2165,3,3,1,NA,NA,NA,NA,NA
Hyena_2166,4,2,2,1,NA,NA,NA,NA
Hyena_2167,4,2,2,1,NA,NA,NA,NA
Hyena_2168,3,9,5,NA,NA,NA,NA,NA
Hyena_2169,3,9,5,NA,NA,NA,NA,NA
Hyena_2170,3,4,1,NA,NA,NA,NA,NA
Hyena_2171,3,4,1,NA,NA,NA,NA,NA
Hyena_2172,3,1,1,NA,NA,NA,NA,NA
Hyena_2173,3,5,2,NA,NA,NA,NA,NA
Hyena_2174,3,6,5,NA,NA,NA,NA,NA
Hyena_2175,3,9,4,NA,NA,NA,NA,NA
Hyena_2176,3,1,1,NA,NA,NA,NA,NA
Hyena_2177,3,1,1,NA,NA,NA,NA,NA
Hyena_2178,4,5,2,1,NA,NA,NA,NA
Hyena_2179,4,2,2,1,NA,NA,NA,NA
Hyena_2180,4,2,2,1,NA,NA,NA,NA
Hyena_2181,3,6,6,NA,NA,NA,NA,NA
Hyena_2182,3,7,5,NA,NA,NA,NA,NA
Hyena_2183,3,4,1,NA,NA,NA,NA,NA
Hyena_2184,3,4,1,NA,NA,NA,NA,NA
Hyena_2185,4,2,2,1,NA,NA,NA,NA
Hyena_2186,5,3,2,2,1,NA,NA,NA
Hyena_2187,5,3,2,2,1,NA,NA,NA
Hyena_2188,3,8,2,NA,NA,NA,NA,NA
Hyena_2189,3,6,6,NA,NA,NA,NA,NA
Hyena_2190,4,5,2,1,NA,NA,NA,NA
Hyena_2191,4,5,2,1,NA,NA,NA,NA
Hyena_2192,3,1,1,NA,NA,NA,NA,NA
Hyena_2193,3,1,1,NA,NA,NA,NA,NA
Hyena_2194,4,4,2,1,NA,NA,NA,NA
Hyena_2195,4,4,2,1,NA,NA,NA,NA
Hyena_2196,4,2,1,1,NA,NA,NA,NA
Hyena_2197,4,2,1,1,NA,NA,NA,NA
Hyena_2198,3,10,5,NA,NA,NA,NA,NA
Hyena_2199,3,10,5,NA,NA,NA,NA,NA
Hyena_2200,4,3,1,1,NA,NA,NA,NA
Hyena_2201,4,3,1,1,NA,NA,NA,NA
Hyena_2202,4,13,9,5,NA,NA,NA,NA
Hyena_2203,5,6,2,2,1,NA,NA,NA
Hyena_2204,5,6,2,2,1,NA,NA,NA
Hyena_2205,3,11,2,NA,NA,NA,NA,NA
Hyena_2206,4,8,2,1,NA,NA,NA,NA
Hyena_2207,4,8,2,1,NA,NA,NA,NA
Hyena_2208,3,1,1,NA,NA,NA,NA,NA
Hyena_2209,3,1,1,NA,NA,NA,NA,NA
Hyena_2210,3,1,1,NA,NA,NA,NA,NA
Hyena_2211,4,14,5,2,NA,NA,NA,NA
Hyena_2212,4,14,5,2,NA,NA,NA,NA
Hyena_2213,5,5,2,2,1,NA,NA,NA
Hyena_2214,3,12,6,NA,NA,NA,NA,NA
Hyena_2215,4,4,2,1,NA,NA,NA,NA
Hyena_2216,4,4,2,1,NA,NA,NA,NA
Hyena_2217,3,7,1,NA,NA,NA,NA,NA
Hyena_2218,3,10,5,NA,NA,NA,NA,NA
Hyena_2219,3,10,5,NA,NA,NA,NA,NA
Hyena_2220,4,3,1,1,NA,NA,NA,NA
Hyena_2221,4,1,1,1,NA,NA,NA,NA
Hyena_2222,4,1,1,1,NA,NA,NA,NA
Hyena_2223,5,7,2,2,1,NA,NA,NA
Hyena_2224,3,2,1,NA,NA,NA,NA,NA
Hyena_2225,4,3,1,1,NA,NA,NA,NA
Hyena_2226,3,2,1,NA,NA,NA,NA,NA
Hyena_2227,4,9,4,1,NA,NA,NA,NA
Hyena_2228,4,12,2,1,NA,NA,NA,NA
Hyena_2229,4,12,2,1,NA,NA,NA,NA
Hyena_2230,5,8,2,2,1,NA,NA,NA
Hyena_2231,4,4,1,1,NA,NA,NA,NA
Hyena_2232,4,7,2,1,NA,NA,NA,NA
Hyena_2233,4,7,2,1,NA,NA,NA,NA
Hyena_2234,4,20,5,2,NA,NA,NA,NA
Hyena_2235,4,20,5,2,NA,NA,NA,NA
Hyena_2236,4,1,1,1,NA,NA,NA,NA
Hyena_2237,4,1,1,1,NA,NA,NA,NA
Hyena_2238,4,17,9,5,NA,NA,NA,NA
Hyena_2239,3,14,5,NA,NA,NA,NA,NA
Hyena_2240,3,14,5,NA,NA,NA,NA,NA
Hyena_2241,5,5,3,1,1,NA,NA,NA
Hyena_2242,3,16,6,NA,NA,NA,NA,NA
Hyena_2243,3,18,2,NA,NA,NA,NA,NA
Hyena_2244,3,18,2,NA,NA,NA,NA,NA
Hyena_2245,3,1,1,NA,NA,NA,NA,NA
Hyena_2246,3,1,1,NA,NA,NA,NA,NA
Hyena_2247,3,1,1,NA,NA,NA,NA,NA
Hyena_2248,5,9,2,2,1,NA,NA,NA
Hyena_2249,4,2,1,1,NA,NA,NA,NA
Hyena_2250,4,2,1,1,NA,NA,NA,NA
Hyena_2251,5,4,3,1,1,NA,NA,NA
Hyena_2252,5,5,3,1,1,NA,NA,NA
Hyena_2253,3,19,2,NA,NA,NA,NA,NA
Hyena_2254,5,10,2,2,1,NA,NA,NA
Hyena_2255,4,4,1,1,NA,NA,NA,NA
Hyena_2256,4,4,1,1,NA,NA,NA,NA
Hyena_2257,4,15,4,1,NA,NA,NA,NA
Hyena_2258,6,13,6,2,2,1,NA,NA
Hyena_2259,5,1,1,1,1,NA,NA,NA
Hyena_2260,5,1,1,1,1,NA,NA,NA
Hyena_2261,4,3,2,1,NA,NA,NA,NA
Hyena_2262,4,3,2,1,NA,NA,NA,NA
Hyena_2263,3,19,2,NA,NA,NA,NA,NA
Hyena_2264,3,19,6,NA,NA,NA,NA,NA
Hyena_2265,3,19,6,NA,NA,NA,NA,NA
Hyena_2266,3,16,5,NA,NA,NA,NA,NA
Hyena_2267,3,16,5,NA,NA,NA,NA,NA
Hyena_2268,5,13,2,2,1,NA,NA,NA
Hyena_2269,5,13,2,2,1,NA,NA,NA
Hyena_2270,5,9,3,1,1,NA,NA,NA
Hyena_2271,5,9,3,1,1,NA,NA,NA
Hyena_2272,4,7,1,1,NA,NA,NA,NA
Hyena_2273,4,7,1,1,NA,NA,NA,NA
Hyena_2274,5,2,1,1,1,NA,NA,NA
Hyena_2275,5,2,1,1,1,NA,NA,NA
Hyena_2276,5,12,4,2,1,NA,NA,NA
Hyena_2277,4,5,1,1,NA,NA,NA,NA
Hyena_2278,4,5,1,1,NA,NA,NA,NA
Hyena_2279,3,3,1,NA,NA,NA,NA,NA
Hyena_2280,4,10,2,1,NA,NA,NA,NA
Hyena_2281,4,10,2,1,NA,NA,NA,NA
Hyena_2282,4,4,2,1,NA,NA,NA,NA
Hyena_2283,4,14,14,5,NA,NA,NA,NA
Hyena_2284,5,8,3,1,1,NA,NA,NA
Hyena_2285,5,8,3,1,1,NA,NA,NA
Hyena_2286,5,2,1,1,1,NA,NA,NA
Hyena_2287,5,2,1,1,1,NA,NA,NA
Hyena_2288,4,16,11,2,NA,NA,NA,NA
Hyena_2289,5,12,7,2,1,NA,NA,NA
Hyena_2290,5,17,13,9,5,NA,NA,NA
Hyena_2291,5,17,13,9,5,NA,NA,NA
Hyena_2292,4,8,1,1,NA,NA,NA,NA
Hyena_2293,4,8,1,1,NA,NA,NA,NA
Hyena_2294,6,3,1,1,1,1,NA,NA
Hyena_2295,5,6,2,1,1,NA,NA,NA
Hyena_2296,5,11,4,2,1,NA,NA,NA
Hyena_2297,5,11,4,2,1,NA,NA,NA
Hyena_2298,5,2,1,1,1,NA,NA,NA
Hyena_2299,5,2,1,1,1,NA,NA,NA
Hyena_2300,3,15,5,NA,NA,NA,NA,NA
Hyena_2301,3,15,5,NA,NA,NA,NA,NA
Hyena_2302,5,12,3,1,1,NA,NA,NA
Hyena_2303,5,12,3,1,1,NA,NA,NA
Hyena_2304,6,3,1,1,1,1,NA,NA
Hyena_2305,4,18,14,5,NA,NA,NA,NA
Hyena_2306,5,12,3,1,1,NA,NA,NA
Hyena_2307,5,12,3,1,1,NA,NA,NA
Hyena_2308,6,2,2,1,1,1,NA,NA
Hyena_2309,5,1,1,1,1,NA,NA,NA
Hyena_2310,5,5,3,2,1,NA,NA,NA
Hyena_2311,5,5,3,2,1,NA,NA,NA
Hyena_2312,4,10,1,1,NA,NA,NA,NA
Hyena_2313,5,15,7,2,1,NA,NA,NA
Hyena_2314,4,6,1,1,NA,NA,NA,NA
Hyena_2315,4,6,1,1,NA,NA,NA,NA
Hyena_2316,5,9,2,1,1,NA,NA,NA
Hyena_2317,5,9,2,1,1,NA,NA,NA
Hyena_2318,4,17,14,5,NA,NA,NA,NA
Hyena_2319,4,17,14,5,NA,NA,NA,NA
Hyena_2320,5,1,1,1,1,NA,NA,NA
Hyena_2321,5,3,3,2,1,NA,NA,NA
Hyena_2322,5,12,4,2,1,NA,NA,NA
Hyena_2323,5,8,5,1,1,NA,NA,NA
Hyena_2324,4,1,1,1,NA,NA,NA,NA
Hyena_2325,5,4,2,1,1,NA,NA,NA
Hyena_2326,5,5,1,1,1,NA,NA,NA
Hyena_2327,5,12,7,2,1,NA,NA,NA
Hyena_2328,5,12,7,2,1,NA,NA,NA
Hyena_2329,4,1,1,1,NA,NA,NA,NA
Hyena_2330,4,1,1,1,NA,NA,NA,NA
Hyena_2331,5,3,5,1,1,NA,NA,NA
Hyena_2332,6,11,13,2,2,1,NA,NA
Hyena_2333,6,7,8,3,1,1,NA,NA
Hyena_2334,5,5,4,2,1,NA,NA,NA
Hyena_2335,6,7,8,3,1,1,NA,NA
Hyena_2336,4,1,1,1,NA,NA,NA,NA
Hyena_2337,5,9,8,1,1,NA,NA,NA
Hyena_2338,5,9,8,1,1,NA,NA,NA
Hyena_2339,6,8,5,3,2,1,NA,NA
Hyena_2340,4,15,14,5,NA,NA,NA,NA
Hyena_2341,4,15,11,2,NA,NA,NA,NA
Hyena_2342,5,3,1,1,1,NA,NA,NA
Hyena_2343,6,8,5,3,2,1,NA,NA
Hyena_2344,6,6,4,2,1,1,NA,NA
Hyena_2345,5,3,1,1,1,NA,NA,NA
Hyena_2346,6,5,4,2,1,1,NA,NA
Hyena_2347,6,5,4,2,1,1,NA,NA
Hyena_2348,6,8,8,3,1,1,NA,NA
Hyena_2349,6,8,8,3,1,1,NA,NA
Hyena_2350,5,2,1,1,1,NA,NA,NA
Hyena_2351,4,1,1,1,NA,NA,NA,NA
Hyena_2358,2,1,NA,NA,NA,NA,NA,NA
Hyena_2359,3,1,NA,NA,NA,NA,NA,NA
Hyena_2360,3,1,NA,NA,NA,NA,NA,NA
Hyena_2361,3,2,NA,NA,NA,NA,NA,NA
Hyena_2362,3,3,NA,NA,NA,NA,NA,NA
Hyena_2363,3,3,NA,NA,NA,NA,NA,NA
Hyena_2365,3,2,NA,NA,NA,NA,NA,NA
Hyena_2366,3,2,NA,NA,NA,NA,NA,NA
Hyena_2367,3,4,NA,NA,NA,NA,NA,NA
Hyena_2368,3,6,NA,NA,NA,NA,NA,NA
Hyena_2369,3,6,NA,NA,NA,NA,NA,NA
Hyena_2370,3,2,NA,NA,NA,NA,NA,NA
Hyena_2371,3,2,NA,NA,NA,NA,NA,NA
Hyena_2372,4,1,1,NA,NA,NA,NA,NA
Hyena_2373,3,5,1,NA,NA,NA,NA,NA
Hyena_2374,3,5,1,NA,NA,NA,NA,NA
Hyena_2375,4,3,1,NA,NA,NA,NA,NA
Hyena_2376,3,3,NA,NA,NA,NA,NA,NA
Hyena_2377,3,3,NA,NA,NA,NA,NA,NA
Hyena_2378,4,2,1,NA,NA,NA,NA,NA
Hyena_2379,3,1,NA,NA,NA,NA,NA,NA
Hyena_2380,3,1,NA,NA,NA,NA,NA,NA
Hyena_2381,3,5,NA,NA,NA,NA,NA,NA
Hyena_2382,3,4,NA,NA,NA,NA,NA,NA
Hyena_2383,3,4,NA,NA,NA,NA,NA,NA
Hyena_2384,3,1,NA,NA,NA,NA,NA,NA
Hyena_2385,3,1,NA,NA,NA,NA,NA,NA
Hyena_2386,4,5,3,NA,NA,NA,NA,NA
Hyena_2387,4,5,3,NA,NA,NA,NA,NA
Hyena_2388,4,2,1,NA,NA,NA,NA,NA
Hyena_2389,4,2,1,NA,NA,NA,NA,NA
Hyena_2390,3,3,NA,NA,NA,NA,NA,NA
Hyena_2391,3,3,NA,NA,NA,NA,NA,NA
Hyena_2392,3,1,NA,NA,NA,NA,NA,NA
Hyena_2393,3,1,NA,NA,NA,NA,NA,NA
Hyena_2394,4,5,3,NA,NA,NA,NA,NA
Hyena_2395,4,4,5,NA,NA,NA,NA,NA
Hyena_2396,4,1,1,NA,NA,NA,NA,NA
Hyena_2397,4,1,1,NA,NA,NA,NA,NA
Hyena_2398,3,6,1,NA,NA,NA,NA,NA
Hyena_2399,4,1,5,NA,NA,NA,NA,NA
Hyena_2400,4,1,5,NA,NA,NA,NA,NA
Hyena_2401,3,6,NA,NA,NA,NA,NA,NA
Hyena_2402,3,6,NA,NA,NA,NA,NA,NA
Hyena_2403,4,2,3,NA,NA,NA,NA,NA
Hyena_2404,4,1,5,NA,NA,NA,NA,NA
Hyena_2405,4,1,5,NA,NA,NA,NA,NA
Hyena_2406,3,7,NA,NA,NA,NA,NA,NA
Hyena_2407,3,4,1,NA,NA,NA,NA,NA
Hyena_2408,3,4,1,NA,NA,NA,NA,NA
Hyena_2409,4,2,3,NA,NA,NA,NA,NA
Hyena_2410,4,2,3,NA,NA,NA,NA,NA
Hyena_2411,3,9,NA,NA,NA,NA,NA,NA
Hyena_2412,3,9,NA,NA,NA,NA,NA,NA
Hyena_2413,4,1,5,NA,NA,NA,NA,NA
Hyena_2414,4,1,5,NA,NA,NA,NA,NA
Hyena_2415,4,6,1,NA,NA,NA,NA,NA
Hyena_2416,4,6,1,NA,NA,NA,NA,NA
Hyena_2417,4,2,3,NA,NA,NA,NA,NA
Hyena_2418,4,2,3,NA,NA,NA,NA,NA
Hyena_2419,3,7,NA,NA,NA,NA,NA,NA
Hyena_2420,3,7,NA,NA,NA,NA,NA,NA
Hyena_2421,4,8,1,NA,NA,NA,NA,NA
Hyena_2422,3,4,1,NA,NA,NA,NA,NA
Hyena_2423,5,3,2,3,NA,NA,NA,NA
Hyena_2424,4,1,5,NA,NA,NA,NA,NA
Hyena_2425,4,1,5,NA,NA,NA,NA,NA
Hyena_2426,5,9,1,1,NA,NA,NA,NA
Hyena_2427,4,4,3,NA,NA,NA,NA,NA
Hyena_2428,4,1,5,NA,NA,NA,NA,NA
Hyena_2429,4,1,5,NA,NA,NA,NA,NA
Hyena_2430,5,4,1,5,NA,NA,NA,NA
Hyena_2431,5,3,1,5,NA,NA,NA,NA
Hyena_2432,5,3,1,5,NA,NA,NA,NA
Hyena_2433,5,6,2,3,NA,NA,NA,NA
Hyena_2434,5,6,2,3,NA,NA,NA,NA
Hyena_2435,4,12,1,NA,NA,NA,NA,NA
Hyena_2436,4,9,1,NA,NA,NA,NA,NA
Hyena_2437,4,5,3,NA,NA,NA,NA,NA
Hyena_2438,4,5,3,NA,NA,NA,NA,NA
Hyena_2439,4,13,6,NA,NA,NA,NA,NA
Hyena_2440,4,13,6,NA,NA,NA,NA,NA
Hyena_2441,4,1,5,NA,NA,NA,NA,NA
Hyena_2442,4,1,5,NA,NA,NA,NA,NA
Hyena_2443,5,2,1,5,NA,NA,NA,NA
Hyena_2444,5,2,1,5,NA,NA,NA,NA
Hyena_2445,4,8,4,1,NA,NA,NA,NA
Hyena_2446,3,7,1,NA,NA,NA,NA,NA
Hyena_2447,3,7,1,NA,NA,NA,NA,NA
Hyena_2448,4,7,4,1,NA,NA,NA,NA
Hyena_2449,4,7,4,1,NA,NA,NA,NA
Hyena_2450,4,1,5,NA,NA,NA,NA,NA
Hyena_2451,4,1,5,NA,NA,NA,NA,NA
Hyena_2452,5,6,2,3,NA,NA,NA,NA
Hyena_2453,5,6,2,3,NA,NA,NA,NA
Hyena_2454,5,6,2,3,NA,NA,NA,NA
Hyena_2455,5,10,1,1,NA,NA,NA,NA
Hyena_2456,5,2,1,5,NA,NA,NA,NA
Hyena_2457,5,2,1,5,NA,NA,NA,NA
Hyena_2458,4,6,3,NA,NA,NA,NA,NA
Hyena_2459,4,6,3,NA,NA,NA,NA,NA
Hyena_2460,5,5,1,5,NA,NA,NA,NA
Hyena_2461,5,5,1,5,NA,NA,NA,NA
Hyena_2462,5,4,1,5,NA,NA,NA,NA
Hyena_2463,4,13,1,NA,NA,NA,NA,NA
Hyena_2464,4,15,6,NA,NA,NA,NA,NA
Hyena_2465,4,15,6,NA,NA,NA,NA,NA
Hyena_2466,5,3,1,5,NA,NA,NA,NA
Hyena_2467,5,3,1,5,NA,NA,NA,NA
Hyena_2468,5,15,8,1,NA,NA,NA,NA
Hyena_2469,4,1,5,NA,NA,NA,NA,NA
Hyena_2470,4,1,5,NA,NA,NA,NA,NA
Hyena_2471,4,10,1,NA,NA,NA,NA,NA
Hyena_2472,5,4,1,5,NA,NA,NA,NA
Hyena_2473,5,6,1,5,NA,NA,NA,NA
Hyena_2474,5,6,1,5,NA,NA,NA,NA
Hyena_2475,5,14,2,3,NA,NA,NA,NA
Hyena_2476,5,2,1,5,NA,NA,NA,NA
Hyena_2477,5,3,1,5,NA,NA,NA,NA
Hyena_2478,5,3,1,5,NA,NA,NA,NA
Hyena_2479,5,18,6,1,NA,NA,NA,NA
Hyena_2480,5,18,6,1,NA,NA,NA,NA
Hyena_2481,5,8,1,5,NA,NA,NA,NA
Hyena_2482,4,16,4,1,NA,NA,NA,NA
Hyena_2483,4,16,4,1,NA,NA,NA,NA
Hyena_2484,4,1,5,NA,NA,NA,NA,NA
Hyena_2485,4,1,5,NA,NA,NA,NA,NA
Hyena_2486,5,5,1,5,NA,NA,NA,NA
Hyena_2487,5,9,1,5,NA,NA,NA,NA
Hyena_2488,5,2,1,5,NA,NA,NA,NA
Hyena_2489,5,6,1,5,NA,NA,NA,NA
Hyena_2490,5,13,2,3,NA,NA,NA,NA
Hyena_2491,5,4,1,5,NA,NA,NA,NA
Hyena_2492,4,25,6,NA,NA,NA,NA,NA
Hyena_2493,4,22,1,NA,NA,NA,NA,NA
Hyena_2494,4,22,1,NA,NA,NA,NA,NA
Hyena_2495,5,15,5,3,NA,NA,NA,NA
Hyena_2496,6,21,9,1,1,NA,NA,NA
Hyena_2497,6,21,9,1,1,NA,NA,NA
Hyena_2498,5,4,1,5,NA,NA,NA,NA
Hyena_2499,5,4,1,5,NA,NA,NA,NA
Hyena_2500,6,11,3,1,5,NA,NA,NA
Hyena_2501,5,6,1,5,NA,NA,NA,NA
Hyena_2502,5,22,6,1,NA,NA,NA,NA
Hyena_2503,5,26,8,1,NA,NA,NA,NA
Hyena_2504,5,26,8,1,NA,NA,NA,NA
Hyena_2505,5,7,1,5,NA,NA,NA,NA
Hyena_2506,5,16,5,3,NA,NA,NA,NA
Hyena_2507,5,16,5,3,NA,NA,NA,NA
Hyena_2508,5,1,1,5,NA,NA,NA,NA
Hyena_2509,5,1,1,5,NA,NA,NA,NA
Hyena_2510,5,3,1,5,NA,NA,NA,NA
Hyena_2511,5,3,1,5,NA,NA,NA,NA
Hyena_2512,5,5,1,5,NA,NA,NA,NA
Hyena_2513,5,5,1,5,NA,NA,NA,NA
Hyena_2514,5,12,1,5,NA,NA,NA,NA
Hyena_2515,5,12,1,5,NA,NA,NA,NA
Hyena_2516,6,10,4,1,5,NA,NA,NA
Hyena_2517,6,8,2,1,5,NA,NA,NA
Hyena_2518,5,2,1,5,NA,NA,NA,NA
Hyena_2519,5,2,1,5,NA,NA,NA,NA
Hyena_2520,4,20,4,1,NA,NA,NA,NA
Hyena_2521,4,20,4,1,NA,NA,NA,NA
Hyena_2522,5,28,12,1,NA,NA,NA,NA
Hyena_2523,5,28,12,1,NA,NA,NA,NA
Hyena_2524,5,20,2,3,NA,NA,NA,NA
Hyena_2525,5,1,1,5,NA,NA,NA,NA
Hyena_2526,6,9,2,1,5,NA,NA,NA
Hyena_2527,5,5,1,5,NA,NA,NA,NA
Hyena_2528,6,28,9,1,1,NA,NA,NA
Hyena_2529,5,11,1,5,NA,NA,NA,NA
Hyena_2530,5,11,1,5,NA,NA,NA,NA
Hyena_2531,4,32,6,NA,NA,NA,NA,NA
Hyena_2532,6,23,6,2,3,NA,NA,NA
Hyena_2533,4,28,1,NA,NA,NA,NA,NA
Hyena_2534,6,4,2,1,5,NA,NA,NA
Hyena_2535,6,17,5,1,5,NA,NA,NA
Hyena_2536,5,26,6,1,NA,NA,NA,NA
Hyena_2537,5,3,1,5,NA,NA,NA,NA
Hyena_2538,5,3,1,5,NA,NA,NA,NA
Hyena_2539,5,12,1,5,NA,NA,NA,NA
Hyena_2540,6,15,3,1,5,NA,NA,NA
Hyena_2541,6,26,9,1,1,NA,NA,NA
Hyena_2542,6,14,2,1,5,NA,NA,NA
Hyena_2543,6,14,2,1,5,NA,NA,NA
Hyena_2544,5,24,7,4,1,NA,NA,NA
Hyena_2545,6,6,3,1,5,NA,NA,NA
Hyena_2546,5,9,1,5,NA,NA,NA,NA
Hyena_2547,5,9,1,5,NA,NA,NA,NA
Hyena_2548,6,13,2,1,5,NA,NA,NA
Hyena_2549,6,13,2,1,5,NA,NA,NA
Hyena_2550,5,7,1,5,NA,NA,NA,NA
Hyena_2551,5,20,5,3,NA,NA,NA,NA
Hyena_2552,5,20,5,3,NA,NA,NA,NA
Hyena_2553,5,9,1,5,NA,NA,NA,NA
Hyena_2554,5,19,6,3,NA,NA,NA,NA
Hyena_2555,5,19,6,3,NA,NA,NA,NA
Hyena_2556,5,32,8,1,NA,NA,NA,NA
Hyena_2557,5,32,8,1,NA,NA,NA,NA
Hyena_2558,5,12,1,5,NA,NA,NA,NA
Hyena_2559,5,12,1,5,NA,NA,NA,NA
Hyena_2560,5,4,1,5,NA,NA,NA,NA
Hyena_2561,5,4,1,5,NA,NA,NA,NA
Hyena_2562,6,8,4,1,5,NA,NA,NA
Hyena_2563,6,8,4,1,5,NA,NA,NA
Hyena_2564,6,7,3,1,5,NA,NA,NA
Hyena_2565,6,7,3,1,5,NA,NA,NA
Hyena_2566,5,10,1,5,NA,NA,NA,NA
Hyena_2567,5,10,1,5,NA,NA,NA,NA
Hyena_2568,6,3,3,1,5,NA,NA,NA
Hyena_2569,5,1,1,5,NA,NA,NA,NA
Hyena_2570,6,2,3,1,5,NA,NA,NA
Hyena_2571,6,2,3,1,5,NA,NA,NA
Hyena_2572,6,18,2,1,5,NA,NA,NA
Hyena_2573,6,18,2,1,5,NA,NA,NA
Hyena_2574,6,21,5,1,5,NA,NA,NA
Hyena_2575,5,1,1,5,NA,NA,NA,NA
Hyena_2576,5,15,1,5,NA,NA,NA,NA
Hyena_2577,5,38,8,1,NA,NA,NA,NA
Hyena_2578,5,37,12,1,NA,NA,NA,NA
Hyena_2579,5,38,8,1,NA,NA,NA,NA
Hyena_2580,4,35,1,NA,NA,NA,NA,NA
Hyena_2581,5,25,2,3,NA,NA,NA,NA
Hyena_2582,6,4,2,1,5,NA,NA,NA
Hyena_2583,6,4,2,1,5,NA,NA,NA
Hyena_2584,5,23,6,3,NA,NA,NA,NA
Hyena_2585,5,24,5,3,NA,NA,NA,NA
Hyena_2586,5,24,5,3,NA,NA,NA,NA
Hyena_2587,5,11,1,5,NA,NA,NA,NA
Hyena_2588,5,14,1,5,NA,NA,NA,NA
Hyena_2589,6,17,2,1,5,NA,NA,NA
Hyena_2590,6,17,2,1,5,NA,NA,NA
Hyena_2591,6,19,3,1,5,NA,NA,NA
Hyena_2592,6,19,3,1,5,NA,NA,NA
Hyena_2593,4,39,6,NA,NA,NA,NA,NA
Hyena_2594,5,8,1,5,NA,NA,NA,NA
Hyena_2595,5,5,1,5,NA,NA,NA,NA
Hyena_2596,5,5,1,5,NA,NA,NA,NA
Hyena_2597,5,33,6,1,NA,NA,NA,NA
Hyena_2598,5,31,16,4,1,NA,NA,NA
Hyena_2599,6,2,3,1,5,NA,NA,NA
Hyena_2600,5,15,1,5,NA,NA,NA,NA
Hyena_2601,5,1,1,5,NA,NA,NA,NA
Hyena_2602,5,34,7,4,1,NA,NA,NA
Hyena_2603,6,22,3,1,5,NA,NA,NA
Hyena_2604,6,22,3,1,5,NA,NA,NA
Hyena_2605,5,11,1,5,NA,NA,NA,NA
Hyena_2606,6,6,4,1,5,NA,NA,NA
Hyena_2607,5,27,6,3,NA,NA,NA,NA
Hyena_2608,5,27,6,3,NA,NA,NA,NA
Hyena_2609,5,35,6,1,NA,NA,NA,NA
Hyena_2610,5,35,6,1,NA,NA,NA,NA
Hyena_2611,5,13,1,5,NA,NA,NA,NA
Hyena_2612,5,13,1,5,NA,NA,NA,NA
Hyena_2613,5,8,1,5,NA,NA,NA,NA
Hyena_2614,6,9,4,1,5,NA,NA,NA
Hyena_2615,5,3,1,5,NA,NA,NA,NA
Hyena_2616,5,3,1,5,NA,NA,NA,NA
Hyena_2617,6,1,3,1,5,NA,NA,NA
Hyena_2618,6,1,3,1,5,NA,NA,NA
Hyena_2619,6,19,2,1,5,NA,NA,NA
Hyena_2620,6,19,2,1,5,NA,NA,NA
Hyena_2621,6,8,3,1,5,NA,NA,NA
Hyena_2622,6,13,2,1,5,NA,NA,NA
Hyena_2623,7,4,4,2,1,5,NA,NA
Hyena_2624,6,14,5,1,5,NA,NA,NA
Hyena_2625,6,6,4,1,5,NA,NA,NA
Hyena_2626,6,6,4,1,5,NA,NA,NA
Hyena_2627,6,2,3,1,5,NA,NA,NA
Hyena_2628,6,2,3,1,5,NA,NA,NA
Hyena_2629,5,9,1,5,NA,NA,NA,NA
Hyena_2630,5,9,1,5,NA,NA,NA,NA
Hyena_2631,4,21,6,NA,NA,NA,NA,NA
Hyena_2632,5,7,1,5,NA,NA,NA,NA
Hyena_2633,5,7,1,5,NA,NA,NA,NA
Hyena_2634,5,14,5,3,NA,NA,NA,NA
Hyena_2635,5,14,5,3,NA,NA,NA,NA
Hyena_2636,6,10,2,1,5,NA,NA,NA
Hyena_2637,6,12,5,1,5,NA,NA,NA
Hyena_2638,6,12,5,1,5,NA,NA,NA
Hyena_2639,6,1,3,1,5,NA,NA,NA
Hyena_2640,4,15,4,1,NA,NA,NA,NA
Hyena_2641,7,4,4,2,1,5,NA,NA
Hyena_2642,6,16,22,6,1,NA,NA,NA
Hyena_2643,6,13,5,1,5,NA,NA,NA
Hyena_2644,5,3,1,5,NA,NA,NA,NA
Hyena_2645,5,15,7,4,1,NA,NA,NA
Hyena_2646,5,15,7,4,1,NA,NA,NA
Hyena_2647,7,4,4,2,1,5,NA,NA
Hyena_2648,7,4,4,2,1,5,NA,NA
Hyena_2649,7,4,4,2,1,5,NA,NA
Hyena_2650,6,1,3,1,5,NA,NA,NA
Hyena_2651,6,1,3,1,5,NA,NA,NA
Hyena_2652,5,8,1,5,NA,NA,NA,NA
Hyena_2653,6,5,4,1,5,NA,NA,NA
Hyena_2654,6,2,3,1,5,NA,NA,NA
Hyena_2655,5,9,1,5,NA,NA,NA,NA
Hyena_2656,6,12,5,1,5,NA,NA,NA
Hyena_2657,6,10,2,1,5,NA,NA,NA
Hyena_2658,6,10,2,1,5,NA,NA,NA
Hyena_2659,5,2,1,5,NA,NA,NA,NA
Hyena_2660,5,2,1,5,NA,NA,NA,NA
Hyena_2661,6,16,22,6,1,NA,NA,NA
Hyena_2662,6,5,4,1,5,NA,NA,NA
Hyena_2663,5,7,1,5,NA,NA,NA,NA
Hyena_2664,5,7,1,5,NA,NA,NA,NA
Hyena_2665,5,14,5,3,NA,NA,NA,NA
Hyena_2666,5,14,5,3,NA,NA,NA,NA
Hyena_2667,7,11,15,3,1,5,NA,NA
Hyena_2668,6,3,3,1,5,NA,NA,NA
Hyena_2669,6,6,4,1,5,NA,NA,NA
Hyena_2670,6,6,4,1,5,NA,NA,NA
Hyena_2671,6,12,5,1,5,NA,NA,NA
Hyena_2672,6,12,5,1,5,NA,NA,NA
Hyena_2673,6,19,28,12,1,NA,NA,NA
Hyena_2674,6,19,28,12,1,NA,NA,NA
Hyena_2675,7,5,4,2,1,5,NA,NA
Hyena_2676,7,5,4,2,1,5,NA,NA
Hyena_2677,7,12,15,3,1,5,NA,NA
Hyena_2678,7,12,15,3,1,5,NA,NA
Hyena_2679,5,9,1,5,NA,NA,NA,NA
Hyena_2680,5,9,1,5,NA,NA,NA,NA
Hyena_2681,6,18,28,12,1,NA,NA,NA
Hyena_2682,6,1,3,1,5,NA,NA,NA
Hyena_2683,6,1,3,1,5,NA,NA,NA
Hyena_2684,7,5,4,2,1,5,NA,NA
Hyena_2685,7,5,4,2,1,5,NA,NA
Hyena_2686,7,2,1,3,1,5,NA,NA
Hyena_2687,7,2,1,3,1,5,NA,NA
Hyena_2688,6,4,3,1,5,NA,NA,NA
Hyena_2689,6,4,3,1,5,NA,NA,NA
Hyena_2690,7,11,15,3,1,5,NA,NA
Hyena_2691,7,11,15,3,1,5,NA,NA
Hyena_2692,6,8,4,1,5,NA,NA,NA
Hyena_2693,6,8,4,1,5,NA,NA,NA
Hyena_2694,5,3,1,5,NA,NA,NA,NA
Hyena_2695,5,3,1,5,NA,NA,NA,NA
Hyena_2696,6,7,4,1,5,NA,NA,NA
Hyena_2697,6,17,22,6,1,NA,NA,NA
Hyena_2698,5,15,7,4,1,NA,NA,NA
Hyena_2699,6,1,3,1,5,NA,NA,NA
Hyena_2700,6,9,4,1,5,NA,NA,NA
Hyena_2701,6,15,5,1,5,NA,NA,NA
Hyena_2702,7,15,15,3,1,5,NA,NA
Hyena_2703,6,3,3,1,5,NA,NA,NA
Hyena_2704,6,3,3,1,5,NA,NA,NA
Hyena_2705,7,4,1,3,1,5,NA,NA
Hyena_2706,7,4,1,3,1,5,NA,NA
Hyena_2707,7,2,2,3,1,5,NA,NA
Hyena_2708,7,6,4,2,1,5,NA,NA
Hyena_2709,7,6,4,2,1,5,NA,NA
Hyena_2710,6,1,3,1,5,NA,NA,NA
Hyena_2711,5,18,5,3,NA,NA,NA,NA
Hyena_2712,5,18,5,3,NA,NA,NA,NA
Hyena_2713,5,12,1,5,NA,NA,NA,NA
Hyena_2714,5,12,1,5,NA,NA,NA,NA
Hyena_2715,6,1,3,1,5,NA,NA,NA
Hyena_2716,7,3,2,3,1,5,NA,NA
Hyena_2717,7,3,2,3,1,5,NA,NA
Hyena_2718,6,9,4,1,5,NA,NA,NA
Hyena_2724,2,1,NA,NA,NA,NA,NA,NA
Hyena_2729,2,4,NA,NA,NA,NA,NA,NA
Hyena_2730,2,4,NA,NA,NA,NA,NA,NA
Hyena_2731,2,3,NA,NA,NA,NA,NA,NA
Hyena_2732,2,3,NA,NA,NA,NA,NA,NA
Hyena_2733,2,7,NA,NA,NA,NA,NA,NA
Hyena_2734,2,1,NA,NA,NA,NA,NA,NA
Hyena_2735,2,8,NA,NA,NA,NA,NA,NA
Hyena_2736,2,8,NA,NA,NA,NA,NA,NA
Hyena_2739,2,6,NA,NA,NA,NA,NA,NA
Hyena_2740,2,8,NA,NA,NA,NA,NA,NA
Hyena_2741,2,8,NA,NA,NA,NA,NA,NA
Hyena_2742,3,1,1,NA,NA,NA,NA,NA
Hyena_2743,2,3,NA,NA,NA,NA,NA,NA
Hyena_2744,2,3,NA,NA,NA,NA,NA,NA
Hyena_2745,2,2,NA,NA,NA,NA,NA,NA
Hyena_2747,2,6,NA,NA,NA,NA,NA,NA
Hyena_2748,2,3,NA,NA,NA,NA,NA,NA
Hyena_2749,2,3,NA,NA,NA,NA,NA,NA
Hyena_2750,3,1,1,NA,NA,NA,NA,NA
Hyena_2751,3,1,1,NA,NA,NA,NA,NA
Hyena_2752,2,8,NA,NA,NA,NA,NA,NA
Hyena_2753,2,8,NA,NA,NA,NA,NA,NA
Hyena_2754,3,4,3,NA,NA,NA,NA,NA
Hyena_2755,3,4,3,NA,NA,NA,NA,NA
Hyena_2756,2,7,NA,NA,NA,NA,NA,NA
Hyena_2757,2,7,NA,NA,NA,NA,NA,NA
Hyena_2758,2,5,NA,NA,NA,NA,NA,NA
Hyena_2759,2,5,NA,NA,NA,NA,NA,NA
Hyena_2760,3,4,3,NA,NA,NA,NA,NA
Hyena_2761,3,4,3,NA,NA,NA,NA,NA
Hyena_2762,3,4,3,NA,NA,NA,NA,NA
Hyena_2763,2,5,NA,NA,NA,NA,NA,NA
Hyena_2764,2,8,NA,NA,NA,NA,NA,NA
Hyena_2766,3,5,6,NA,NA,NA,NA,NA
Hyena_2767,3,5,6,NA,NA,NA,NA,NA
Hyena_2768,3,3,3,NA,NA,NA,NA,NA
Hyena_2769,2,1,NA,NA,NA,NA,NA,NA
Hyena_2770,2,7,NA,NA,NA,NA,NA,NA
Hyena_2771,2,7,NA,NA,NA,NA,NA,NA
Hyena_2772,3,4,8,NA,NA,NA,NA,NA
Hyena_2773,4,7,4,3,NA,NA,NA,NA
Hyena_2774,2,2,NA,NA,NA,NA,NA,NA
Hyena_2775,2,2,NA,NA,NA,NA,NA,NA
Hyena_2776,3,5,8,NA,NA,NA,NA,NA
Hyena_2777,2,8,NA,NA,NA,NA,NA,NA
Hyena_2778,2,8,NA,NA,NA,NA,NA,NA
Hyena_2779,3,1,3,NA,NA,NA,NA,NA
Hyena_2780,3,1,3,NA,NA,NA,NA,NA
Hyena_2781,3,4,6,NA,NA,NA,NA,NA
Hyena_2782,3,4,6,NA,NA,NA,NA,NA
Hyena_2783,3,4,5,NA,NA,NA,NA,NA
Hyena_2784,3,4,5,NA,NA,NA,NA,NA
Hyena_2785,4,8,4,3,NA,NA,NA,NA
Hyena_2786,3,6,6,NA,NA,NA,NA,NA
Hyena_2787,3,6,6,NA,NA,NA,NA,NA
Hyena_2788,2,4,NA,NA,NA,NA,NA,NA
Hyena_2789,2,4,NA,NA,NA,NA,NA,NA
Hyena_2790,3,1,3,NA,NA,NA,NA,NA
Hyena_2791,3,11,8,NA,NA,NA,NA,NA
Hyena_2792,2,3,NA,NA,NA,NA,NA,NA
Hyena_2793,2,5,NA,NA,NA,NA,NA,NA
Hyena_2794,3,9,8,NA,NA,NA,NA,NA
Hyena_2795,4,7,4,6,NA,NA,NA,NA
Hyena_2796,2,1,NA,NA,NA,NA,NA,NA
Hyena_2797,3,4,5,NA,NA,NA,NA,NA
Hyena_2798,4,13,4,3,NA,NA,NA,NA
Hyena_2799,4,13,4,3,NA,NA,NA,NA
Hyena_2800,4,11,1,3,NA,NA,NA,NA
Hyena_2801,4,8,5,6,NA,NA,NA,NA
Hyena_2802,4,8,5,6,NA,NA,NA,NA
Hyena_2803,3,10,3,NA,NA,NA,NA,NA
Hyena_2804,4,11,1,3,NA,NA,NA,NA
Hyena_2805,2,16,NA,NA,NA,NA,NA,NA
Hyena_2806,2,1,NA,NA,NA,NA,NA,NA
Hyena_2807,3,5,6,NA,NA,NA,NA,NA
Hyena_2808,5,16,7,4,3,NA,NA,NA
Hyena_2809,4,13,3,3,NA,NA,NA,NA
Hyena_2810,3,8,8,NA,NA,NA,NA,NA
Hyena_2811,3,8,8,NA,NA,NA,NA,NA
Hyena_2812,4,5,4,6,NA,NA,NA,NA
Hyena_2813,3,3,2,NA,NA,NA,NA,NA
Hyena_2814,3,5,6,NA,NA,NA,NA,NA
Hyena_2815,4,12,4,3,NA,NA,NA,NA
Hyena_2816,5,13,8,4,3,NA,NA,NA
Hyena_2817,5,13,8,4,3,NA,NA,NA
Hyena_2818,4,4,6,6,NA,NA,NA,NA
Hyena_2819,4,4,6,6,NA,NA,NA,NA
Hyena_2820,3,3,5,NA,NA,NA,NA,NA
Hyena_2821,4,11,3,3,NA,NA,NA,NA
Hyena_2822,4,11,3,3,NA,NA,NA,NA
Hyena_2823,3,2,2,NA,NA,NA,NA,NA
Hyena_2824,4,6,5,6,NA,NA,NA,NA
Hyena_2825,4,6,5,6,NA,NA,NA,NA
Hyena_2826,4,10,1,3,NA,NA,NA,NA
Hyena_2827,4,9,1,3,NA,NA,NA,NA
Hyena_2828,4,9,1,3,NA,NA,NA,NA
Hyena_2829,3,2,2,NA,NA,NA,NA,NA
Hyena_2830,3,2,2,NA,NA,NA,NA,NA
Hyena_2831,3,1,3,NA,NA,NA,NA,NA
Hyena_2832,5,13,7,4,3,NA,NA,NA
Hyena_2833,5,13,7,4,3,NA,NA,NA
Hyena_2834,3,1,3,NA,NA,NA,NA,NA
Hyena_2835,4,10,4,3,NA,NA,NA,NA
Hyena_2836,4,10,4,3,NA,NA,NA,NA
Hyena_2837,4,5,4,6,NA,NA,NA,NA
Hyena_2838,3,4,5,NA,NA,NA,NA,NA
Hyena_2839,5,13,8,4,3,NA,NA,NA
Hyena_2840,4,11,3,3,NA,NA,NA,NA
Hyena_2841,4,11,3,3,NA,NA,NA,NA
Hyena_2842,4,7,5,6,NA,NA,NA,NA
Hyena_2843,3,1,2,NA,NA,NA,NA,NA
Hyena_2844,3,3,3,NA,NA,NA,NA,NA
Hyena_2845,4,6,6,6,NA,NA,NA,NA
Hyena_2846,5,18,7,4,3,NA,NA,NA
Hyena_2847,4,3,3,2,NA,NA,NA,NA
Hyena_2848,4,3,3,2,NA,NA,NA,NA
Hyena_2849,3,1,2,NA,NA,NA,NA,NA
Hyena_2850,3,1,2,NA,NA,NA,NA,NA
Hyena_2851,4,2,2,2,NA,NA,NA,NA
Hyena_2852,4,7,4,6,NA,NA,NA,NA
Hyena_2853,4,7,4,6,NA,NA,NA,NA
Hyena_2854,6,13,16,7,4,3,NA,NA
Hyena_2855,6,13,16,7,4,3,NA,NA
Hyena_2856,4,6,5,6,NA,NA,NA,NA
Hyena_2857,3,4,3,NA,NA,NA,NA,NA
Hyena_2858,4,7,3,3,NA,NA,NA,NA
Hyena_2859,3,1,2,NA,NA,NA,NA,NA
Hyena_2860,5,8,8,4,3,NA,NA,NA
Hyena_2861,5,8,8,4,3,NA,NA,NA
Hyena_2862,4,3,3,2,NA,NA,NA,NA
Hyena_2863,4,3,3,2,NA,NA,NA,NA
Hyena_2864,3,5,3,NA,NA,NA,NA,NA
Hyena_2865,4,3,2,2,NA,NA,NA,NA
Hyena_2866,5,6,10,1,3,NA,NA,NA
Hyena_2867,4,4,3,2,NA,NA,NA,NA
Hyena_2868,6,8,16,7,4,3,NA,NA
Hyena_2869,6,8,16,7,4,3,NA,NA
Hyena_2870,3,1,2,NA,NA,NA,NA,NA
Hyena_2871,3,1,2,NA,NA,NA,NA,NA
Hyena_2872,4,2,1,2,NA,NA,NA,NA
