ID,n_generation,rank_G0,rank_G1,rank_G2,rank_G3,rank_G4
Hyena_027,2,NA,NA,NA,NA,NA
Hyena_033,2,2,NA,NA,NA,NA
Hyena_039,2,11,NA,NA,NA,NA
Hyena_044,2,9,NA,NA,NA,NA
Hyena_051,2,11,NA,NA,NA,NA
Hyena_052,2,1,NA,NA,NA,NA
Hyena_053,2,8,NA,NA,NA,NA
Hyena_055,2,3,NA,NA,NA,NA
Hyena_058,2,5,NA,NA,NA,NA
Hyena_059,2,5,NA,NA,NA,NA
Hyena_060,2,2,NA,NA,NA,NA
Hyena_063,2,5,NA,NA,NA,NA
Hyena_064,2,11,NA,NA,NA,NA
Hyena_065,2,10,NA,NA,NA,NA
Hyena_066,3,9,NA,NA,NA,NA
Hyena_067,2,11,NA,NA,NA,NA
Hyena_068,2,1,NA,NA,NA,NA
Hyena_070,2,4,NA,NA,NA,NA
Hyena_071,2,5,NA,NA,NA,NA
Hyena_072,2,5,NA,NA,NA,NA
Hyena_073,2,12,NA,NA,NA,NA
Hyena_074,2,3,NA,NA,NA,NA
Hyena_076,2,7,NA,NA,NA,NA
Hyena_077,2,7,NA,NA,NA,NA
Hyena_078,2,10,NA,NA,NA,NA
Hyena_079,2,10,NA,NA,NA,NA
Hyena_080,2,13,NA,NA,NA,NA
Hyena_081,2,13,NA,NA,NA,NA
Hyena_084,2,2,NA,NA,NA,NA
Hyena_085,2,2,NA,NA,NA,NA
Hyena_086,2,14,NA,NA,NA,NA
Hyena_087,2,16,NA,NA,NA,NA
Hyena_088,2,17,NA,NA,NA,NA
Hyena_089,2,17,NA,NA,NA,NA
Hyena_091,2,1,NA,NA,NA,NA
Hyena_092,2,3,NA,NA,NA,NA
Hyena_093,2,11,NA,NA,NA,NA
Hyena_094,2,5,NA,NA,NA,NA
Hyena_095,2,8,NA,NA,NA,NA
Hyena_097,2,12,NA,NA,NA,NA
Hyena_098,2,12,NA,NA,NA,NA
Hyena_099,2,3,NA,NA,NA,NA
Hyena_100,2,3,NA,NA,NA,NA
Hyena_103,3,2,NA,NA,NA,NA
Hyena_106,2,1,NA,NA,NA,NA
Hyena_110,2,12,NA,NA,NA,NA
Hyena_111,3,7,6,NA,NA,NA
Hyena_112,2,6,NA,NA,NA,NA
Hyena_113,2,6,NA,NA,NA,NA
Hyena_114,3,20,9,NA,NA,NA
Hyena_121,2,3,NA,NA,NA,NA
Hyena_125,2,7,NA,NA,NA,NA
Hyena_126,3,11,1,NA,NA,NA
Hyena_128,2,3,NA,NA,NA,NA
Hyena_129,2,14,NA,NA,NA,NA
Hyena_130,3,10,6,NA,NA,NA
Hyena_131,3,10,6,NA,NA,NA
Hyena_132,2,9,NA,NA,NA,NA
Hyena_133,2,2,NA,NA,NA,NA
Hyena_134,2,2,NA,NA,NA,NA
Hyena_138,3,20,6,NA,NA,NA
Hyena_140,2,3,NA,NA,NA,NA
Hyena_141,2,3,NA,NA,NA,NA
Hyena_142,3,20,4,NA,NA,NA
Hyena_144,2,24,NA,NA,NA,NA
Hyena_145,3,5,6,NA,NA,NA
Hyena_146,2,5,NA,NA,NA,NA
Hyena_147,2,5,NA,NA,NA,NA
Hyena_150,3,16,9,NA,NA,NA
Hyena_152,3,11,1,NA,NA,NA
Hyena_153,3,14,1,NA,NA,NA
Hyena_155,2,20,NA,NA,NA,NA
Hyena_156,2,17,NA,NA,NA,NA
Hyena_159,3,4,1,NA,NA,NA
Hyena_161,2,13,NA,NA,NA,NA
Hyena_162,2,13,NA,NA,NA,NA
Hyena_167,3,3,4,NA,NA,NA
Hyena_168,2,1,NA,NA,NA,NA
Hyena_169,2,22,NA,NA,NA,NA
Hyena_170,3,9,6,NA,NA,NA
Hyena_171,2,16,NA,NA,NA,NA
Hyena_172,2,16,NA,NA,NA,NA
Hyena_173,3,17,7,NA,NA,NA
Hyena_174,3,9,9,NA,NA,NA
Hyena_175,3,2,7,NA,NA,NA
Hyena_176,2,11,NA,NA,NA,NA
Hyena_177,3,8,7,NA,NA,NA
Hyena_178,2,19,NA,NA,NA,NA
Hyena_179,2,18,NA,NA,NA,NA
Hyena_180,2,18,NA,NA,NA,NA
Hyena_181,3,3,7,NA,NA,NA
Hyena_183,3,2,7,NA,NA,NA
Hyena_184,3,2,7,NA,NA,NA
Hyena_185,2,10,NA,NA,NA,NA
Hyena_186,2,10,NA,NA,NA,NA
Hyena_187,2,4,NA,NA,NA,NA
Hyena_189,2,20,NA,NA,NA,NA
Hyena_191,3,19,1,NA,NA,NA
Hyena_193,2,7,NA,NA,NA,NA
Hyena_194,2,7,NA,NA,NA,NA
Hyena_196,3,17,4,NA,NA,NA
Hyena_198,3,18,1,NA,NA,NA
Hyena_199,3,18,1,NA,NA,NA
Hyena_200,4,18,5,11,NA,NA
Hyena_201,3,19,1,NA,NA,NA
Hyena_202,2,8,NA,NA,NA,NA
Hyena_203,2,8,NA,NA,NA,NA
Hyena_204,4,15,5,11,NA,NA
Hyena_205,4,2,1,7,NA,NA
Hyena_206,3,2,13,1,NA,NA
Hyena_207,4,5,5,11,NA,NA
Hyena_210,3,3,13,1,NA,NA
Hyena_211,3,3,7,NA,NA,NA
Hyena_212,3,9,13,1,NA,NA
Hyena_213,3,9,13,1,NA,NA
Hyena_219,4,14,1,7,NA,NA
Hyena_220,4,14,1,7,NA,NA
Hyena_221,3,8,7,NA,NA,NA
Hyena_222,2,22,NA,NA,NA,NA
Hyena_223,2,22,NA,NA,NA,NA
Hyena_224,2,12,NA,NA,NA,NA
Hyena_225,2,20,NA,NA,NA,NA
Hyena_226,2,20,NA,NA,NA,NA
Hyena_227,4,5,1,5,NA,NA
Hyena_228,4,5,1,5,NA,NA
Hyena_229,4,24,5,11,NA,NA
Hyena_230,2,24,NA,NA,NA,NA
Hyena_231,2,10,NA,NA,NA,NA
Hyena_232,4,10,1,7,NA,NA
Hyena_233,4,3,5,11,NA,NA
Hyena_234,3,2,4,NA,NA,NA
Hyena_235,3,2,4,NA,NA,NA
Hyena_236,4,21,5,11,NA,NA
Hyena_237,3,18,7,NA,NA,NA
Hyena_238,2,21,NA,NA,NA,NA
Hyena_239,3,18,7,NA,NA,NA
Hyena_241,4,8,1,5,NA,NA
Hyena_242,4,14,1,5,NA,NA
Hyena_243,3,6,9,NA,NA,NA
Hyena_244,4,30,5,11,NA,NA
Hyena_245,4,30,5,11,NA,NA
Hyena_246,2,10,NA,NA,NA,NA
Hyena_247,2,4,NA,NA,NA,NA
Hyena_248,2,4,NA,NA,NA,NA
Hyena_249,2,14,NA,NA,NA,NA
Hyena_250,2,14,NA,NA,NA,NA
Hyena_251,3,2,9,NA,NA,NA
Hyena_252,3,2,1,NA,NA,NA
Hyena_253,4,3,1,5,NA,NA
Hyena_256,3,23,9,NA,NA,NA
Hyena_259,3,4,9,NA,NA,NA
Hyena_261,4,24,5,11,NA,NA
Hyena_262,4,28,4,4,NA,NA
Hyena_264,4,23,5,11,NA,NA
Hyena_265,4,23,5,11,NA,NA
Hyena_268,4,9,1,5,NA,NA
Hyena_269,2,15,NA,NA,NA,NA
Hyena_270,4,1,4,4,NA,NA
Hyena_271,4,1,4,4,NA,NA
Hyena_272,3,5,7,NA,NA,NA
Hyena_273,3,5,7,NA,NA,NA
Hyena_277,2,25,NA,NA,NA,NA
Hyena_278,3,2,9,NA,NA,NA
Hyena_279,4,2,4,4,NA,NA
Hyena_281,3,16,9,NA,NA,NA
Hyena_282,3,16,9,NA,NA,NA
Hyena_283,4,20,1,5,NA,NA
Hyena_284,4,20,1,5,NA,NA
Hyena_285,2,9,19,NA,NA,NA
Hyena_287,3,10,9,NA,NA,NA
Hyena_288,3,12,9,NA,NA,NA
Hyena_289,3,12,9,NA,NA,NA
Hyena_290,4,2,10,1,NA,NA
Hyena_293,2,14,NA,NA,NA,NA
Hyena_295,3,6,9,NA,NA,NA
Hyena_296,4,27,1,5,NA,NA
Hyena_297,2,1,NA,NA,NA,NA
Hyena_299,5,4,5,5,11,NA
Hyena_300,3,1,9,NA,NA,NA
Hyena_301,4,17,4,4,NA,NA
Hyena_303,3,7,7,NA,NA,NA
Hyena_304,2,12,23,NA,NA,NA
Hyena_305,4,17,1,5,NA,NA
Hyena_307,4,32,1,5,NA,NA
Hyena_308,4,32,1,5,NA,NA
Hyena_309,4,15,4,4,NA,NA
Hyena_311,4,31,4,4,NA,NA
Hyena_313,2,6,NA,NA,NA,NA
Hyena_314,2,6,NA,NA,NA,NA
Hyena_315,4,26,1,5,NA,NA
Hyena_316,3,7,7,NA,NA,NA
Hyena_317,2,3,NA,NA,NA,NA
Hyena_318,2,3,NA,NA,NA,NA
Hyena_319,4,8,1,5,NA,NA
Hyena_320,4,20,16,5,NA,NA
Hyena_321,4,15,4,4,NA,NA
Hyena_322,4,11,1,5,NA,NA
Hyena_323,4,11,1,5,NA,NA
Hyena_324,4,23,1,5,NA,NA
Hyena_325,4,4,16,5,NA,NA
Hyena_326,4,4,16,5,NA,NA
Hyena_327,3,1,16,NA,NA,NA
Hyena_328,4,29,1,5,NA,NA
Hyena_329,3,3,8,NA,NA,NA
Hyena_330,5,2,5,5,11,NA
Hyena_333,4,1,1,5,NA,NA
Hyena_334,4,30,1,5,NA,NA
Hyena_335,4,22,1,5,NA,NA
Hyena_336,4,22,1,5,NA,NA
Hyena_337,4,23,4,4,NA,NA
Hyena_338,4,23,4,4,NA,NA
Hyena_340,2,5,NA,NA,NA,NA
Hyena_341,2,5,NA,NA,NA,NA
Hyena_342,4,15,4,1,NA,NA
Hyena_343,2,15,NA,NA,NA,NA
Hyena_344,4,8,5,12,NA,NA
Hyena_345,4,8,1,5,NA,NA
Hyena_346,4,37,1,5,NA,NA
Hyena_347,4,37,1,5,NA,NA
Hyena_348,2,29,NA,NA,NA,NA
Hyena_349,3,29,22,NA,NA,NA
Hyena_350,3,30,22,NA,NA,NA
Hyena_351,4,30,1,5,NA,NA
Hyena_352,4,1,1,5,NA,NA
Hyena_353,4,1,13,11,NA,NA
Hyena_354,4,4,4,4,NA,NA
Hyena_356,4,14,4,1,NA,NA
Hyena_357,2,14,NA,NA,NA,NA
Hyena_358,4,12,1,5,NA,NA
Hyena_359,2,4,23,NA,NA,NA
Hyena_360,2,20,NA,NA,NA,NA
Hyena_362,4,17,4,4,NA,NA
Hyena_363,4,17,4,4,NA,NA
Hyena_364,5,11,5,5,11,NA
Hyena_366,4,46,1,5,NA,NA
Hyena_367,4,46,1,5,NA,NA
Hyena_368,4,7,7,5,NA,NA
Hyena_369,5,3,5,5,11,NA
Hyena_370,3,3,22,NA,NA,NA
Hyena_371,5,2,5,5,11,NA
Hyena_372,5,25,5,5,11,NA
Hyena_373,5,25,5,5,11,NA
Hyena_374,4,23,7,5,NA,NA
Hyena_375,4,43,1,5,NA,NA
Hyena_376,3,6,22,NA,NA,NA
Hyena_379,4,28,1,5,NA,NA
Hyena_380,4,28,1,5,NA,NA
Hyena_381,4,39,1,5,NA,NA
Hyena_382,4,39,1,5,NA,NA
Hyena_383,6,1,2,5,5,11
Hyena_384,4,4,4,1,NA,NA
Hyena_385,4,4,4,1,NA,NA
Hyena_386,4,10,1,5,NA,NA
Hyena_387,4,5,1,5,NA,NA
Hyena_388,3,7,22,NA,NA,NA
Hyena_389,3,7,22,NA,NA,NA
Hyena_390,4,5,1,5,NA,NA
Hyena_391,4,10,5,12,NA,NA
Hyena_392,4,36,1,5,NA,NA
Hyena_393,4,8,1,5,NA,NA
Hyena_394,4,8,1,5,NA,NA
Hyena_395,3,2,8,NA,NA,NA
Hyena_396,3,2,8,NA,NA,NA
Hyena_397,4,29,7,5,NA,NA
Hyena_398,4,29,7,5,NA,NA
Hyena_399,4,13,16,5,NA,NA
Hyena_400,4,13,16,5,NA,NA
Hyena_402,4,15,7,5,NA,NA
Hyena_403,4,15,7,5,NA,NA
Hyena_404,4,33,1,5,NA,NA
Hyena_406,4,34,1,5,NA,NA
Hyena_407,2,17,23,NA,NA,NA
Hyena_408,5,3,5,5,11,NA
Hyena_413,4,18,1,5,NA,NA
Hyena_414,5,3,5,5,11,NA
Hyena_415,4,16,4,4,NA,NA
Hyena_416,4,16,4,4,NA,NA
Hyena_417,4,34,4,4,NA,NA
Hyena_419,4,20,7,5,NA,NA
Hyena_420,4,21,4,1,NA,NA
Hyena_421,4,12,4,4,NA,NA
Hyena_422,4,12,4,4,NA,NA
Hyena_423,4,9,5,12,NA,NA
Hyena_424,4,36,1,5,NA,NA
Hyena_425,4,36,5,12,NA,NA
Hyena_428,2,34,NA,NA,NA,NA
Hyena_430,2,2,23,NA,NA,NA
Hyena_431,2,2,23,NA,NA,NA
Hyena_432,4,1,4,1,NA,NA
Hyena_433,3,1,6,NA,NA,NA
Hyena_434,4,5,4,1,NA,NA
Hyena_436,2,16,23,NA,NA,NA
Hyena_441,3,24,22,NA,NA,NA
Hyena_442,2,33,NA,NA,NA,NA
Hyena_443,2,33,NA,NA,NA,NA
Hyena_446,2,34,NA,NA,NA,NA
Hyena_447,2,10,23,NA,NA,NA
Hyena_452,4,37,1,5,NA,NA
Hyena_454,4,10,4,1,NA,NA
Hyena_458,4,7,4,1,NA,NA
Hyena_459,5,11,30,5,11,NA
Hyena_460,5,11,30,5,11,NA
Hyena_463,5,6,23,4,4,NA
Hyena_464,4,8,16,9,NA,NA
Hyena_465,5,17,6,5,3,NA
Hyena_466,4,2,16,9,NA,NA
Hyena_469,4,21,1,5,NA,NA
Hyena_470,4,21,1,5,NA,NA
Hyena_471,4,12,1,5,NA,NA
Hyena_472,4,12,1,5,NA,NA
Hyena_473,3,14,8,NA,NA,NA
Hyena_474,4,25,1,5,NA,NA
Hyena_475,5,24,18,5,3,NA
Hyena_478,5,3,6,5,3,NA
Hyena_480,3,18,1,NA,NA,NA
Hyena_482,3,22,1,NA,NA,NA
Hyena_484,4,11,1,5,NA,NA
Hyena_485,4,11,1,5,NA,NA
Hyena_486,4,2,16,9,NA,NA
Hyena_487,5,2,30,5,11,NA
Hyena_488,4,1,11,9,NA,NA
Hyena_489,4,1,11,9,NA,NA
Hyena_490,3,3,8,NA,NA,NA
Hyena_491,3,3,8,NA,NA,NA
Hyena_492,3,4,8,NA,NA,NA
Hyena_493,3,9,8,NA,NA,NA
Hyena_494,6,5,3,6,4,1
Hyena_495,6,5,3,6,4,1
Hyena_496,5,17,6,5,3,NA
Hyena_497,5,24,6,5,3,NA
Hyena_498,5,24,6,5,3,NA
Hyena_499,5,16,6,5,3,NA
Hyena_501,4,20,1,5,NA,NA
Hyena_502,4,26,1,5,NA,NA
Hyena_506,3,23,12,NA,NA,NA
Hyena_507,3,23,12,NA,NA,NA
Hyena_508,4,17,1,5,NA,NA
Hyena_509,3,19,12,NA,NA,NA
Hyena_510,6,10,4,8,8,5
Hyena_511,3,5,8,NA,NA,NA
Hyena_512,3,5,8,NA,NA,NA
Hyena_513,6,19,3,6,4,1
Hyena_514,3,19,12,NA,NA,NA
Hyena_515,5,2,30,1,5,NA
Hyena_516,4,2,1,5,NA,NA
Hyena_517,6,3,3,6,4,1
Hyena_518,5,1,30,1,5,NA
Hyena_521,4,6,1,5,NA,NA
Hyena_522,5,4,6,5,3,NA
Hyena_523,5,26,18,5,3,NA
Hyena_524,5,26,18,5,3,NA
Hyena_525,5,14,6,5,3,NA
Hyena_526,4,27,11,9,NA,NA
Hyena_527,4,27,11,9,NA,NA
Hyena_528,4,7,11,9,NA,NA
Hyena_529,4,7,11,9,NA,NA
Hyena_530,5,9,6,5,3,NA
Hyena_532,3,17,8,NA,NA,NA
Hyena_535,6,11,4,8,8,5
Hyena_536,6,11,4,8,8,5
Hyena_567,2,1,NA,NA,NA,NA
Hyena_577,2,3,NA,NA,NA,NA
Hyena_578,2,2,NA,NA,NA,NA
Hyena_579,2,4,NA,NA,NA,NA
Hyena_580,2,4,NA,NA,NA,NA
Hyena_581,2,3,NA,NA,NA,NA
Hyena_582,2,3,NA,NA,NA,NA
Hyena_583,2,1,NA,NA,NA,NA
Hyena_584,2,1,NA,NA,NA,NA
Hyena_587,2,5,NA,NA,NA,NA
Hyena_588,2,5,NA,NA,NA,NA
Hyena_589,2,3,NA,NA,NA,NA
Hyena_591,2,4,NA,NA,NA,NA
Hyena_593,2,2,NA,NA,NA,NA
Hyena_594,2,2,NA,NA,NA,NA
Hyena_595,2,9,NA,NA,NA,NA
Hyena_596,2,9,NA,NA,NA,NA
Hyena_597,2,9,NA,NA,NA,NA
Hyena_598,2,5,NA,NA,NA,NA
Hyena_602,2,3,NA,NA,NA,NA
Hyena_604,2,1,NA,NA,NA,NA
Hyena_605,2,4,NA,NA,NA,NA
Hyena_607,2,2,NA,NA,NA,NA
Hyena_609,2,9,NA,NA,NA,NA
Hyena_610,2,2,NA,NA,NA,NA
Hyena_612,3,13,1,NA,NA,NA
Hyena_617,2,2,1,NA,NA,NA
Hyena_618,3,4,1,NA,NA,NA
Hyena_621,3,1,1,NA,NA,NA
Hyena_622,3,7,2,NA,NA,NA
Hyena_624,3,8,7,NA,NA,NA
Hyena_625,3,8,7,NA,NA,NA
Hyena_627,3,4,1,NA,NA,NA
Hyena_628,2,3,1,NA,NA,NA
Hyena_629,2,3,1,NA,NA,NA
Hyena_630,2,13,9,NA,NA,NA
Hyena_631,2,2,1,NA,NA,NA
Hyena_633,3,7,2,NA,NA,NA
Hyena_635,2,5,1,NA,NA,NA
Hyena_636,2,5,1,NA,NA,NA
Hyena_637,3,10,7,NA,NA,NA
Hyena_638,3,8,1,NA,NA,NA
Hyena_639,3,15,2,NA,NA,NA
Hyena_641,2,13,1,NA,NA,NA
Hyena_643,3,2,3,NA,NA,NA
Hyena_644,3,1,7,NA,NA,NA
Hyena_645,3,10,1,NA,NA,NA
Hyena_646,3,13,9,NA,NA,NA
Hyena_647,3,6,7,NA,NA,NA
Hyena_649,3,15,1,NA,NA,NA
Hyena_650,2,15,9,NA,NA,NA
Hyena_651,3,12,8,NA,NA,NA
Hyena_652,2,3,9,NA,NA,NA
Hyena_653,4,3,4,1,NA,NA
Hyena_654,3,9,11,NA,NA,NA
Hyena_655,3,4,1,NA,NA,NA
Hyena_656,3,6,1,NA,NA,NA
Hyena_657,3,6,1,NA,NA,NA
Hyena_658,3,2,1,NA,NA,NA
Hyena_659,3,2,1,NA,NA,NA
Hyena_660,3,1,13,NA,NA,NA
Hyena_662,3,3,11,NA,NA,NA
Hyena_663,3,13,20,NA,NA,NA
Hyena_664,3,9,7,NA,NA,NA
Hyena_665,3,17,20,NA,NA,NA
Hyena_666,3,17,7,NA,NA,NA
Hyena_667,3,7,7,NA,NA,NA
Hyena_668,3,13,1,NA,NA,NA
Hyena_669,3,11,7,NA,NA,NA
Hyena_670,3,17,20,NA,NA,NA
Hyena_672,3,2,8,NA,NA,NA
Hyena_673,3,20,7,NA,NA,NA
Hyena_674,3,6,20,NA,NA,NA
Hyena_676,3,10,8,NA,NA,NA
Hyena_677,3,9,10,NA,NA,NA
Hyena_678,3,9,10,NA,NA,NA
Hyena_679,3,4,7,NA,NA,NA
Hyena_681,2,23,NA,NA,NA,NA
Hyena_684,3,1,7,NA,NA,NA
Hyena_685,3,1,8,NA,NA,NA
Hyena_687,3,23,1,NA,NA,NA
Hyena_688,3,7,7,NA,NA,NA
Hyena_689,3,7,20,NA,NA,NA
Hyena_692,3,3,13,NA,NA,NA
Hyena_693,3,18,10,NA,NA,NA
Hyena_694,3,18,10,NA,NA,NA
Hyena_695,3,12,20,NA,NA,NA
Hyena_698,3,14,10,NA,NA,NA
Hyena_699,3,21,20,NA,NA,NA
Hyena_700,2,25,NA,NA,NA,NA
Hyena_702,3,19,8,NA,NA,NA
Hyena_706,4,29,12,11,NA,NA
Hyena_707,3,28,1,NA,NA,NA
Hyena_711,4,3,2,1,NA,NA
Hyena_712,2,2,NA,NA,NA,NA
Hyena_713,2,1,NA,NA,NA,NA
Hyena_717,2,5,NA,NA,NA,NA
Hyena_718,2,9,NA,NA,NA,NA
Hyena_719,3,20,1,NA,NA,NA
Hyena_721,4,2,11,7,NA,NA
Hyena_724,2,15,NA,NA,NA,NA
Hyena_725,3,15,20,NA,NA,NA
Hyena_726,2,14,NA,NA,NA,NA
Hyena_727,2,14,NA,NA,NA,NA
Hyena_728,3,9,1,NA,NA,NA
Hyena_729,3,16,1,NA,NA,NA
Hyena_730,3,16,1,NA,NA,NA
Hyena_731,3,8,1,NA,NA,NA
Hyena_732,4,1,8,1,NA,NA
Hyena_735,2,6,NA,NA,NA,NA
Hyena_736,2,6,NA,NA,NA,NA
Hyena_737,3,3,1,NA,NA,NA
Hyena_738,3,9,20,NA,NA,NA
Hyena_739,2,2,NA,NA,NA,NA
Hyena_743,2,16,NA,NA,NA,NA
Hyena_744,3,3,1,NA,NA,NA
Hyena_748,4,1,8,1,NA,NA
Hyena_749,4,1,8,1,NA,NA
Hyena_750,3,11,19,1,NA,NA
Hyena_751,3,4,20,NA,NA,NA
Hyena_754,2,2,NA,NA,NA,NA
Hyena_756,4,8,1,7,NA,NA
Hyena_757,3,6,20,NA,NA,NA
Hyena_758,2,18,NA,NA,NA,NA
Hyena_759,2,8,NA,NA,NA,NA
Hyena_760,2,8,NA,NA,NA,NA
Hyena_761,3,3,19,1,NA,NA
Hyena_763,5,6,3,2,1,NA
Hyena_764,2,12,NA,NA,NA,NA
Hyena_767,3,1,20,NA,NA,NA
Hyena_768,5,6,3,2,1,NA
Hyena_769,2,2,NA,NA,NA,NA
Hyena_770,2,2,NA,NA,NA,NA
Hyena_771,2,3,NA,NA,NA,NA
Hyena_774,3,11,1,NA,NA,NA
Hyena_775,3,9,20,NA,NA,NA
Hyena_776,3,7,20,NA,NA,NA
Hyena_777,5,5,1,8,5,NA
Hyena_780,2,15,NA,NA,NA,NA
Hyena_783,5,1,2,8,7,NA
Hyena_785,2,6,NA,NA,NA,NA
Hyena_786,5,14,2,8,7,NA
Hyena_788,2,11,NA,NA,NA,NA
Hyena_789,3,4,15,NA,NA,NA
Hyena_790,3,4,15,NA,NA,NA
Hyena_791,4,1,1,7,NA,NA
Hyena_792,4,1,1,7,NA,NA
Hyena_793,3,8,20,NA,NA,NA
Hyena_794,3,8,20,NA,NA,NA
Hyena_795,5,13,2,8,7,NA
Hyena_796,4,12,1,7,NA,NA
Hyena_797,2,9,NA,NA,NA,NA
Hyena_798,3,6,4,23,NA,NA
Hyena_799,3,1,19,1,NA,NA
Hyena_800,3,3,4,23,NA,NA
Hyena_801,2,12,NA,NA,NA,NA
Hyena_803,4,4,1,7,NA,NA
Hyena_804,4,4,1,7,NA,NA
Hyena_808,5,1,2,8,7,NA
Hyena_810,3,5,19,1,NA,NA
Hyena_812,3,3,19,1,NA,NA
Hyena_813,5,8,2,8,7,NA
Hyena_816,5,9,2,8,7,NA
Hyena_817,2,2,NA,NA,NA,NA
Hyena_823,4,1,2,9,NA,NA
Hyena_824,3,2,19,1,NA,NA
Hyena_826,4,10,2,9,NA,NA
Hyena_842,2,2,NA,NA,NA,NA
Hyena_844,2,4,NA,NA,NA,NA
Hyena_849,2,NA,NA,NA,NA,NA
Hyena_851,2,3,NA,NA,NA,NA
Hyena_852,2,1,NA,NA,NA,NA
Hyena_854,2,3,NA,NA,NA,NA
Hyena_858,3,2,5,NA,NA,NA
Hyena_860,2,5,NA,NA,NA,NA
Hyena_861,3,6,11,NA,NA,NA
Hyena_863,3,7,4,NA,NA,NA
Hyena_864,3,7,4,NA,NA,NA
Hyena_865,3,1,5,NA,NA,NA
Hyena_866,2,1,NA,NA,NA,NA
Hyena_867,3,2,5,NA,NA,NA
Hyena_868,3,5,5,NA,NA,NA
Hyena_869,3,4,4,NA,NA,NA
Hyena_870,3,4,4,NA,NA,NA
Hyena_872,3,1,11,NA,NA,NA
Hyena_873,3,7,2,NA,NA,NA
Hyena_874,3,7,2,NA,NA,NA
Hyena_875,3,2,11,NA,NA,NA
Hyena_877,2,6,NA,NA,NA,NA
Hyena_878,3,9,4,NA,NA,NA
Hyena_879,3,7,5,NA,NA,NA
Hyena_881,3,3,5,NA,NA,NA
Hyena_882,3,1,7,NA,NA,NA
Hyena_883,3,3,11,NA,NA,NA
Hyena_884,3,10,11,NA,NA,NA
Hyena_885,3,10,11,NA,NA,NA
Hyena_886,3,12,3,NA,NA,NA
Hyena_887,3,3,7,NA,NA,NA
Hyena_888,3,8,3,NA,NA,NA
Hyena_889,3,8,3,NA,NA,NA
Hyena_890,3,3,7,NA,NA,NA
Hyena_894,3,5,5,NA,NA,NA
Hyena_896,3,7,5,NA,NA,NA
Hyena_898,3,4,4,NA,NA,NA
Hyena_899,3,1,4,NA,NA,NA
Hyena_900,3,2,11,NA,NA,NA
Hyena_902,3,3,12,NA,NA,NA
Hyena_903,3,6,1,NA,NA,NA
Hyena_905,3,10,1,NA,NA,NA
Hyena_906,3,5,1,NA,NA,NA
Hyena_907,3,11,3,NA,NA,NA
Hyena_908,3,4,4,NA,NA,NA
Hyena_909,3,4,4,NA,NA,NA
Hyena_910,3,1,5,NA,NA,NA
Hyena_911,3,7,12,NA,NA,NA
Hyena_912,3,2,16,NA,NA,NA
Hyena_913,3,2,5,NA,NA,NA
Hyena_914,3,5,5,NA,NA,NA
Hyena_915,3,5,5,NA,NA,NA
Hyena_916,3,1,5,NA,NA,NA
Hyena_917,3,1,5,NA,NA,NA
Hyena_918,3,9,9,NA,NA,NA
Hyena_919,3,9,5,NA,NA,NA
Hyena_922,3,11,16,NA,NA,NA
Hyena_923,4,12,5,6,NA,NA
Hyena_924,3,3,5,NA,NA,NA
Hyena_925,3,7,1,NA,NA,NA
Hyena_927,3,9,16,NA,NA,NA
Hyena_928,3,9,16,NA,NA,NA
Hyena_929,3,5,6,NA,NA,NA
Hyena_930,3,5,12,NA,NA,NA
Hyena_931,3,8,24,NA,NA,NA
Hyena_932,3,8,24,NA,NA,NA
Hyena_933,4,12,5,6,NA,NA
Hyena_934,4,12,5,6,NA,NA
Hyena_935,3,15,1,NA,NA,NA
Hyena_937,3,4,1,NA,NA,NA
Hyena_938,3,4,6,NA,NA,NA
Hyena_939,3,1,12,NA,NA,NA
Hyena_940,3,1,12,NA,NA,NA
Hyena_941,3,3,5,NA,NA,NA
Hyena_942,3,3,5,NA,NA,NA
Hyena_943,3,2,6,NA,NA,NA
Hyena_944,3,2,6,NA,NA,NA
Hyena_946,3,7,9,NA,NA,NA
Hyena_947,3,8,17,NA,NA,NA
Hyena_948,3,13,1,NA,NA,NA
Hyena_949,3,12,1,NA,NA,NA
Hyena_950,3,13,1,NA,NA,NA
Hyena_951,3,8,5,NA,NA,NA
Hyena_952,3,8,1,NA,NA,NA
Hyena_953,3,9,12,NA,NA,NA
Hyena_954,3,9,12,NA,NA,NA
Hyena_955,4,6,5,5,NA,NA
Hyena_956,4,2,5,6,NA,NA
Hyena_959,4,5,5,3,NA,NA
Hyena_960,4,1,5,6,NA,NA
Hyena_961,4,1,5,6,NA,NA
Hyena_962,3,1,3,NA,NA,NA
Hyena_964,4,17,5,3,NA,NA
Hyena_965,4,4,1,5,NA,NA
Hyena_967,3,9,12,NA,NA,NA
Hyena_968,3,9,12,NA,NA,NA
Hyena_969,3,21,17,NA,NA,NA
Hyena_970,3,13,9,NA,NA,NA
Hyena_971,3,3,9,NA,NA,NA
Hyena_972,3,3,9,NA,NA,NA
Hyena_974,4,1,5,5,NA,NA
Hyena_978,5,2,8,8,5,NA
Hyena_979,3,7,9,NA,NA,NA
Hyena_980,5,6,6,4,1,NA
Hyena_981,4,6,5,3,NA,NA
Hyena_982,5,1,8,8,5,NA
Hyena_984,3,20,9,NA,NA,NA
Hyena_986,4,18,5,3,NA,NA
Hyena_987,4,19,5,3,NA,NA
Hyena_988,5,3,6,4,1,NA
Hyena_989,5,3,6,4,1,NA
Hyena_991,5,4,8,8,5,NA
Hyena_992,4,15,5,6,NA,NA
Hyena_993,3,8,12,NA,NA,NA
Hyena_994,3,8,12,NA,NA,NA
Hyena_995,3,11,9,NA,NA,NA
Hyena_996,5,12,6,4,1,NA
Hyena_997,3,11,9,NA,NA,NA
Hyena_998,2,1,NA,NA,NA,NA
Hyena_999,2,1,NA,NA,NA,NA
Hyena_1000,5,10,6,4,1,NA
Hyena_1001,5,18,6,4,1,NA
Hyena_1002,4,2,4,5,13,NA
Hyena_1006,5,13,8,8,5,NA
Hyena_1007,5,3,8,8,5,NA
Hyena_1008,5,3,8,8,5,NA
Hyena_1010,5,16,6,4,1,NA
Hyena_1012,5,14,8,8,5,NA
Hyena_1013,4,5,4,5,13,NA
Hyena_1014,4,4,5,3,NA,NA
Hyena_1015,4,1,4,5,13,NA
Hyena_1017,3,11,9,NA,NA,NA
Hyena_1018,4,1,4,5,13,NA
Hyena_1019,5,8,8,8,5,NA
Hyena_1020,5,8,8,8,5,NA
Hyena_1021,4,7,9,12,NA,NA
Hyena_1022,4,17,5,3,NA,NA
Hyena_1023,5,9,8,8,5,NA
Hyena_1024,4,2,1,5,NA,NA
Hyena_1025,3,12,9,NA,NA,NA
Hyena_1027,4,25,1,8,NA,NA
Hyena_1029,5,18,3,1,5,NA
Hyena_1030,5,15,3,1,5,NA
Hyena_1032,5,3,6,4,1,NA
Hyena_1033,5,14,8,8,5,NA
Hyena_1034,5,19,8,8,5,NA
Hyena_1035,5,5,3,1,5,NA
Hyena_1037,5,2,23,1,5,NA
Hyena_1038,5,2,23,1,5,NA
Hyena_1039,2,1,16,NA,NA,NA
Hyena_1040,4,7,1,8,NA,NA
Hyena_1041,4,7,1,8,NA,NA
Hyena_1042,4,20,1,8,NA,NA
Hyena_1043,4,8,1,8,NA,NA
Hyena_1045,6,5,10,6,4,1
Hyena_1046,2,11,NA,NA,NA,NA
Hyena_1047,4,20,1,8,NA,NA
Hyena_1048,4,25,1,8,NA,NA
Hyena_1050,4,20,4,5,13,NA
Hyena_1051,4,20,4,5,13,NA
Hyena_1052,4,3,1,5,NA,NA
Hyena_1054,4,13,1,8,NA,NA
Hyena_1056,5,14,15,4,4,NA
Hyena_1057,5,14,15,4,4,NA
Hyena_1058,4,18,5,3,NA,NA
Hyena_1059,6,1,10,6,4,1
Hyena_1061,2,8,NA,NA,NA,NA
Hyena_1062,6,4,10,6,4,1
Hyena_1063,2,2,16,NA,NA,NA
Hyena_1064,2,2,16,NA,NA,NA
Hyena_1068,4,6,4,5,13,NA
Hyena_1069,4,11,15,5,NA,NA
Hyena_1071,4,17,15,5,NA,NA
Hyena_1073,5,6,15,4,4,NA
Hyena_1080,5,9,15,4,4,NA
Hyena_1082,4,6,15,5,NA,NA
Hyena_1120,2,4,NA,NA,NA,NA
Hyena_1121,2,5,NA,NA,NA,NA
Hyena_1122,2,11,NA,NA,NA,NA
Hyena_1124,2,3,NA,NA,NA,NA
Hyena_1125,2,3,NA,NA,NA,NA
Hyena_1126,2,1,NA,NA,NA,NA
Hyena_1127,2,11,NA,NA,NA,NA
Hyena_1128,2,2,NA,NA,NA,NA
Hyena_1131,2,7,NA,NA,NA,NA
Hyena_1132,2,9,NA,NA,NA,NA
Hyena_1133,2,4,NA,NA,NA,NA
Hyena_1134,2,3,NA,NA,NA,NA
Hyena_1135,2,3,NA,NA,NA,NA
Hyena_1137,2,8,NA,NA,NA,NA
Hyena_1138,2,8,NA,NA,NA,NA
Hyena_1139,2,1,NA,NA,NA,NA
Hyena_1140,2,1,NA,NA,NA,NA
Hyena_1143,2,3,NA,NA,NA,NA
Hyena_1144,2,3,NA,NA,NA,NA
Hyena_1145,2,13,NA,NA,NA,NA
Hyena_1146,2,6,NA,NA,NA,NA
Hyena_1147,2,6,NA,NA,NA,NA
Hyena_1149,2,1,NA,NA,NA,NA
Hyena_1150,2,12,NA,NA,NA,NA
Hyena_1152,2,7,NA,NA,NA,NA
Hyena_1153,2,1,NA,NA,NA,NA
Hyena_1154,2,2,NA,NA,NA,NA
Hyena_1155,2,2,NA,NA,NA,NA
Hyena_1156,2,9,NA,NA,NA,NA
Hyena_1158,2,11,NA,NA,NA,NA
Hyena_1159,2,7,NA,NA,NA,NA
Hyena_1160,2,7,NA,NA,NA,NA
Hyena_1161,2,5,NA,NA,NA,NA
Hyena_1162,2,5,NA,NA,NA,NA
Hyena_1163,2,11,NA,NA,NA,NA
Hyena_1164,2,11,NA,NA,NA,NA
Hyena_1165,2,7,NA,NA,NA,NA
Hyena_1166,2,1,NA,NA,NA,NA
Hyena_1167,2,2,NA,NA,NA,NA
Hyena_1168,2,2,NA,NA,NA,NA
Hyena_1169,2,17,NA,NA,NA,NA
Hyena_1170,2,17,NA,NA,NA,NA
Hyena_1171,2,13,NA,NA,NA,NA
Hyena_1172,2,4,NA,NA,NA,NA
Hyena_1173,3,7,NA,NA,NA,NA
Hyena_1174,2,1,NA,NA,NA,NA
Hyena_1175,2,1,NA,NA,NA,NA
Hyena_1176,2,3,NA,NA,NA,NA
Hyena_1177,2,3,NA,NA,NA,NA
Hyena_1178,2,5,NA,NA,NA,NA
Hyena_1179,2,5,NA,NA,NA,NA
Hyena_1182,2,10,1,NA,NA,NA
Hyena_1183,2,3,NA,NA,NA,NA
Hyena_1184,2,3,NA,NA,NA,NA
Hyena_1185,2,8,NA,NA,NA,NA
Hyena_1186,3,8,NA,NA,NA,NA
Hyena_1187,2,4,NA,NA,NA,NA
Hyena_1188,2,4,NA,NA,NA,NA
Hyena_1189,2,14,NA,NA,NA,NA
Hyena_1190,2,14,NA,NA,NA,NA
Hyena_1191,2,13,NA,NA,NA,NA
Hyena_1192,2,13,NA,NA,NA,NA
Hyena_1193,3,21,NA,NA,NA,NA
Hyena_1194,3,21,NA,NA,NA,NA
Hyena_1195,2,19,NA,NA,NA,NA
Hyena_1196,2,19,NA,NA,NA,NA
Hyena_1197,2,2,NA,NA,NA,NA
Hyena_1198,2,2,NA,NA,NA,NA
Hyena_1199,2,10,NA,NA,NA,NA
Hyena_1200,2,10,NA,NA,NA,NA
Hyena_1201,2,1,1,NA,NA,NA
Hyena_1202,2,8,NA,NA,NA,NA
Hyena_1204,2,8,NA,NA,NA,NA
Hyena_1205,2,8,NA,NA,NA,NA
Hyena_1206,3,23,NA,NA,NA,NA
Hyena_1207,3,23,NA,NA,NA,NA
Hyena_1208,2,19,1,NA,NA,NA
Hyena_1209,2,2,NA,NA,NA,NA
Hyena_1210,2,2,NA,NA,NA,NA
Hyena_1211,3,21,11,NA,NA,NA
Hyena_1212,3,21,NA,NA,NA,NA
Hyena_1213,2,12,NA,NA,NA,NA
Hyena_1214,2,6,1,NA,NA,NA
Hyena_1217,3,4,NA,NA,NA,NA
Hyena_1219,3,6,NA,NA,NA,NA
Hyena_1221,2,19,NA,NA,NA,NA
Hyena_1222,2,19,NA,NA,NA,NA
Hyena_1223,2,13,NA,NA,NA,NA
Hyena_1225,2,1,NA,NA,NA,NA
Hyena_1226,2,21,NA,NA,NA,NA
Hyena_1227,2,26,6,NA,NA,NA
Hyena_1228,2,15,1,NA,NA,NA
Hyena_1230,3,2,3,NA,NA,NA
Hyena_1232,2,13,1,NA,NA,NA
Hyena_1233,2,18,NA,NA,NA,NA
Hyena_1238,2,20,NA,NA,NA,NA
Hyena_1239,2,1,NA,NA,NA,NA
Hyena_1240,2,1,NA,NA,NA,NA
Hyena_1241,2,5,NA,NA,NA,NA
Hyena_1242,2,5,NA,NA,NA,NA
Hyena_1248,3,6,3,NA,NA,NA
Hyena_1254,3,8,3,NA,NA,NA
Hyena_1255,3,15,1,NA,NA,NA
Hyena_1257,3,2,1,NA,NA,NA
Hyena_1258,3,2,1,NA,NA,NA
Hyena_1260,3,13,7,13,NA,NA
Hyena_1261,3,21,3,NA,NA,NA
Hyena_1263,3,12,11,NA,NA,NA
Hyena_1264,3,12,11,NA,NA,NA
Hyena_1266,3,5,7,13,NA,NA
Hyena_1267,3,11,3,NA,NA,NA
Hyena_1276,3,10,11,NA,NA,NA
Hyena_1279,3,24,3,NA,NA,NA
Hyena_1281,3,28,11,NA,NA,NA
Hyena_1282,3,2,3,NA,NA,NA
Hyena_1286,3,5,3,NA,NA,NA
Hyena_1288,3,23,7,13,NA,NA
Hyena_1291,2,15,NA,NA,NA,NA
Hyena_1292,2,20,NA,NA,NA,NA
Hyena_1293,3,20,7,NA,NA,NA
Hyena_1294,3,9,7,NA,NA,NA
Hyena_1295,3,9,7,NA,NA,NA
Hyena_1297,3,5,7,NA,NA,NA
Hyena_1298,3,5,7,NA,NA,NA
Hyena_1300,3,26,14,NA,NA,NA
Hyena_1301,3,11,7,13,NA,NA
Hyena_1302,3,4,7,13,NA,NA
Hyena_1303,3,4,7,13,NA,NA
Hyena_1307,3,13,7,NA,NA,NA
Hyena_1309,3,7,7,13,NA,NA
Hyena_1310,3,7,7,13,NA,NA
Hyena_1311,3,5,3,NA,NA,NA
Hyena_1313,3,9,7,NA,NA,NA
Hyena_1314,3,11,14,NA,NA,NA
Hyena_1315,3,21,14,NA,NA,NA
Hyena_1316,3,21,14,NA,NA,NA
Hyena_1317,3,8,3,NA,NA,NA
Hyena_1318,3,20,14,NA,NA,NA
Hyena_1321,3,18,7,NA,NA,NA
Hyena_1324,3,6,3,NA,NA,NA
Hyena_1325,3,23,3,NA,NA,NA
Hyena_1326,3,29,3,NA,NA,NA
Hyena_1327,3,29,3,NA,NA,NA
Hyena_1328,4,4,6,NA,NA,NA
Hyena_1329,4,4,6,NA,NA,NA
Hyena_1331,3,27,7,13,NA,NA
Hyena_1332,3,16,3,NA,NA,NA
Hyena_1333,3,29,3,NA,NA,NA
Hyena_1334,4,2,6,NA,NA,NA
Hyena_1335,4,2,6,NA,NA,NA
Hyena_1336,3,1,7,NA,NA,NA
Hyena_1337,3,21,8,NA,NA,NA
Hyena_1339,3,20,14,NA,NA,NA
Hyena_1341,3,27,7,NA,NA,NA
Hyena_1342,3,29,7,NA,NA,NA
Hyena_1343,4,11,6,NA,NA,NA
Hyena_1344,4,11,6,NA,NA,NA
Hyena_1345,3,5,3,NA,NA,NA
Hyena_1348,4,9,6,NA,NA,NA
Hyena_1349,3,17,3,NA,NA,NA
Hyena_1350,3,17,3,NA,NA,NA
Hyena_1351,3,8,14,NA,NA,NA
Hyena_1352,3,13,3,NA,NA,NA
Hyena_1354,2,7,NA,NA,NA,NA
Hyena_1355,3,4,3,NA,NA,NA
Hyena_1356,3,1,7,13,NA,NA
Hyena_1357,3,1,7,13,NA,NA
Hyena_1364,3,23,7,NA,NA,NA
Hyena_1365,3,2,15,1,NA,NA
Hyena_1366,3,2,15,1,NA,NA
Hyena_1367,4,16,12,11,NA,NA
Hyena_1368,3,16,11,NA,NA,NA
Hyena_1371,3,1,3,NA,NA,NA
Hyena_1372,3,1,3,NA,NA,NA
Hyena_1373,3,13,14,NA,NA,NA
Hyena_1374,3,6,14,NA,NA,NA
Hyena_1375,3,6,14,NA,NA,NA
Hyena_1376,3,10,14,NA,NA,NA
Hyena_1377,3,36,5,NA,NA,NA
Hyena_1378,3,15,8,NA,NA,NA
Hyena_1381,2,20,NA,NA,NA,NA
Hyena_1382,3,25,14,NA,NA,NA
Hyena_1383,3,25,14,NA,NA,NA
Hyena_1384,4,5,24,3,NA,NA
Hyena_1385,4,5,24,3,NA,NA
Hyena_1386,3,23,3,NA,NA,NA
Hyena_1387,3,22,3,NA,NA,NA
Hyena_1388,3,8,8,NA,NA,NA
Hyena_1390,3,9,19,1,NA,NA
Hyena_1391,3,9,3,NA,NA,NA
Hyena_1392,3,18,3,NA,NA,NA
Hyena_1393,3,35,14,NA,NA,NA
Hyena_1395,4,24,1,5,NA,NA
Hyena_1396,4,24,1,5,NA,NA
Hyena_1397,3,34,14,NA,NA,NA
Hyena_1400,3,20,5,NA,NA,NA
Hyena_1401,3,20,5,NA,NA,NA
Hyena_1405,3,34,3,NA,NA,NA
Hyena_1407,4,3,1,5,NA,NA
Hyena_1408,3,2,14,NA,NA,NA
Hyena_1409,3,2,3,NA,NA,NA
Hyena_1412,3,1,7,NA,NA,NA
Hyena_1413,3,1,7,NA,NA,NA
Hyena_1415,3,10,7,NA,NA,NA
Hyena_1416,3,10,7,NA,NA,NA
Hyena_1417,5,20,4,6,NA,NA
Hyena_1418,3,13,5,NA,NA,NA
Hyena_1419,3,28,5,13,NA,NA
Hyena_1420,3,28,5,13,NA,NA
Hyena_1421,3,30,3,NA,NA,NA
Hyena_1422,4,7,9,7,NA,NA
Hyena_1423,4,7,9,7,NA,NA
Hyena_1425,3,26,5,NA,NA,NA
Hyena_1427,3,19,3,NA,NA,NA
Hyena_1430,3,1,7,NA,NA,NA
Hyena_1431,3,1,7,NA,NA,NA
Hyena_1432,3,6,3,NA,NA,NA
Hyena_1433,3,19,5,NA,NA,NA
Hyena_1434,3,17,7,NA,NA,NA
Hyena_1435,4,3,24,3,NA,NA
Hyena_1436,4,3,24,3,NA,NA
Hyena_1437,3,14,3,NA,NA,NA
Hyena_1438,4,4,9,7,NA,NA
Hyena_1439,3,29,14,NA,NA,NA
Hyena_1441,4,13,2,7,NA,NA
Hyena_1442,3,13,3,NA,NA,NA
Hyena_1443,3,7,3,NA,NA,NA
Hyena_1444,4,15,2,4,NA,NA
Hyena_1445,4,15,2,4,NA,NA
Hyena_1446,3,31,3,NA,NA,NA
Hyena_1447,3,31,3,NA,NA,NA
Hyena_1448,3,28,3,NA,NA,NA
Hyena_1449,3,1,7,13,NA,NA
Hyena_1450,3,1,3,NA,NA,NA
Hyena_1452,4,3,9,7,NA,NA
Hyena_1453,3,2,3,NA,NA,NA
Hyena_1455,4,2,2,7,NA,NA
Hyena_1458,3,20,3,NA,NA,NA
Hyena_1459,3,27,14,NA,NA,NA
Hyena_1461,4,4,9,7,NA,NA
Hyena_1462,4,4,9,7,NA,NA
Hyena_1464,3,1,3,NA,NA,NA
Hyena_1465,3,1,3,NA,NA,NA
Hyena_1466,3,4,14,NA,NA,NA
Hyena_1467,3,4,14,NA,NA,NA
Hyena_1472,4,17,4,2,NA,NA
Hyena_1473,4,17,4,2,NA,NA
Hyena_1475,4,28,1,7,13,NA
Hyena_1477,3,10,14,NA,NA,NA
Hyena_1478,4,3,24,3,NA,NA
Hyena_1479,3,21,14,NA,NA,NA
Hyena_1480,3,8,14,NA,NA,NA
Hyena_1482,4,24,2,7,NA,NA
Hyena_1484,4,18,2,4,NA,NA
Hyena_1486,3,3,5,NA,NA,NA
Hyena_1487,4,7,2,7,NA,NA
Hyena_1489,4,19,2,4,NA,NA
Hyena_1493,4,17,2,7,NA,NA
Hyena_1495,4,7,2,7,NA,NA
Hyena_1496,4,24,9,7,NA,NA
Hyena_1497,4,1,2,7,NA,NA
Hyena_1498,4,1,2,7,NA,NA
Hyena_1499,3,2,14,NA,NA,NA
Hyena_1500,4,6,2,7,NA,NA
Hyena_1501,4,9,2,4,NA,NA
Hyena_1502,3,13,3,NA,NA,NA
Hyena_1504,4,17,2,4,NA,NA
Hyena_1505,3,3,14,NA,NA,NA
Hyena_1506,3,3,14,NA,NA,NA
Hyena_1509,4,1,2,7,NA,NA
Hyena_1510,4,1,2,7,NA,NA
Hyena_1511,3,2,14,NA,NA,NA
Hyena_1513,4,5,2,7,NA,NA
Hyena_1514,4,6,2,7,NA,NA
Hyena_1515,4,9,4,2,NA,NA
Hyena_1516,4,21,2,7,NA,NA
Hyena_1518,4,16,3,13,1,NA
Hyena_1520,4,1,9,7,NA,NA
Hyena_1522,4,13,3,13,1,NA
Hyena_1523,4,13,3,13,1,NA
Hyena_1524,4,13,2,7,NA,NA
Hyena_1525,4,7,2,4,NA,NA
Hyena_1526,4,4,4,2,NA,NA
Hyena_1527,3,12,3,NA,NA,NA
Hyena_1531,4,1,3,13,1,NA
Hyena_1534,4,13,3,13,1,NA
Hyena_1538,4,2,10,14,NA,NA
Hyena_1539,4,11,1,16,NA,NA
Hyena_1541,4,10,1,16,NA,NA
Hyena_1542,4,12,2,4,NA,NA
Hyena_1543,4,11,1,16,NA,NA
Hyena_1544,4,11,1,16,NA,NA
Hyena_1545,4,1,10,14,NA,NA
Hyena_1546,4,1,10,14,NA,NA
Hyena_1547,4,5,4,2,NA,NA
Hyena_1548,4,5,4,2,NA,NA
Hyena_1549,4,14,1,16,NA,NA
Hyena_1550,4,4,1,16,NA,NA
Hyena_1551,4,4,1,16,NA,NA
Hyena_1552,4,6,2,4,NA,NA
Hyena_1556,4,3,1,16,NA,NA
Hyena_1557,4,3,1,16,NA,NA
Hyena_1566,4,13,1,16,NA,NA
Hyena_1567,4,9,1,16,NA,NA
Hyena_1572,2,13,NA,NA,NA,NA
Hyena_1573,4,2,10,9,NA,NA
Hyena_1574,4,9,10,9,NA,NA
Hyena_1575,4,9,10,9,NA,NA
Hyena_1576,5,4,1,2,4,NA
Hyena_1577,4,2,10,9,NA,NA
Hyena_1578,4,1,9,5,NA,NA
Hyena_1580,4,6,3,13,1,NA
Hyena_1583,4,3,3,22,NA,NA
Hyena_1584,4,2,3,22,NA,NA
Hyena_1585,4,2,3,22,NA,NA
Hyena_1586,4,15,1,16,NA,NA
Hyena_1589,5,3,17,13,3,NA
Hyena_1592,4,2,9,5,NA,NA
Hyena_1596,4,5,10,14,NA,NA
Hyena_1600,5,8,1,2,4,NA
Hyena_1634,2,10,NA,NA,NA,NA
Hyena_1635,2,1,NA,NA,NA,NA
Hyena_1637,2,5,NA,NA,NA,NA
Hyena_1644,2,6,NA,NA,NA,NA
Hyena_1651,2,2,NA,NA,NA,NA
Hyena_1652,2,2,NA,NA,NA,NA
Hyena_1654,2,4,NA,NA,NA,NA
Hyena_1655,2,4,NA,NA,NA,NA
Hyena_1656,2,11,NA,NA,NA,NA
Hyena_1657,2,11,NA,NA,NA,NA
Hyena_1660,2,8,NA,NA,NA,NA
Hyena_1663,2,9,NA,NA,NA,NA
Hyena_1664,2,9,NA,NA,NA,NA
Hyena_1666,2,10,NA,NA,NA,NA
Hyena_1667,2,10,NA,NA,NA,NA
Hyena_1668,2,13,NA,NA,NA,NA
Hyena_1670,2,6,NA,NA,NA,NA
Hyena_1671,2,5,NA,NA,NA,NA
Hyena_1672,2,5,NA,NA,NA,NA
Hyena_1673,2,8,NA,NA,NA,NA
Hyena_1674,2,8,NA,NA,NA,NA
Hyena_1675,2,3,NA,NA,NA,NA
Hyena_1676,2,3,NA,NA,NA,NA
Hyena_1678,2,12,NA,NA,NA,NA
Hyena_1679,2,12,NA,NA,NA,NA
Hyena_1681,2,2,NA,NA,NA,NA
Hyena_1682,2,2,NA,NA,NA,NA
Hyena_1685,2,1,NA,NA,NA,NA
Hyena_1686,2,1,NA,NA,NA,NA
Hyena_1689,2,13,NA,NA,NA,NA
Hyena_1691,2,7,13,NA,NA,NA
Hyena_1692,2,7,13,NA,NA,NA
Hyena_1693,2,2,NA,NA,NA,NA
Hyena_1694,2,2,NA,NA,NA,NA
Hyena_1695,2,9,NA,NA,NA,NA
Hyena_1696,2,9,NA,NA,NA,NA
Hyena_1697,2,4,NA,NA,NA,NA
Hyena_1698,2,4,NA,NA,NA,NA
Hyena_1700,2,5,NA,NA,NA,NA
Hyena_1701,2,1,NA,NA,NA,NA
Hyena_1702,2,1,NA,NA,NA,NA
Hyena_1703,2,11,NA,NA,NA,NA
Hyena_1704,2,4,NA,NA,NA,NA
Hyena_1705,2,4,NA,NA,NA,NA
Hyena_1708,2,14,NA,NA,NA,NA
Hyena_1709,2,14,NA,NA,NA,NA
Hyena_1710,2,7,NA,NA,NA,NA
Hyena_1711,2,7,NA,NA,NA,NA
Hyena_1712,2,9,NA,NA,NA,NA
Hyena_1713,2,9,NA,NA,NA,NA
Hyena_1715,2,10,NA,NA,NA,NA
Hyena_1716,2,11,NA,NA,NA,NA
Hyena_1717,2,13,NA,NA,NA,NA
Hyena_1719,2,3,NA,NA,NA,NA
Hyena_1720,2,3,NA,NA,NA,NA
Hyena_1721,2,8,NA,NA,NA,NA
Hyena_1722,2,8,NA,NA,NA,NA
Hyena_1723,2,7,NA,NA,NA,NA
Hyena_1724,2,7,NA,NA,NA,NA
Hyena_1725,2,2,NA,NA,NA,NA
Hyena_1726,2,8,NA,NA,NA,NA
Hyena_1727,2,8,NA,NA,NA,NA
Hyena_1728,2,5,NA,NA,NA,NA
Hyena_1729,2,5,NA,NA,NA,NA
Hyena_1730,3,6,11,NA,NA,NA
Hyena_1731,2,11,NA,NA,NA,NA
Hyena_1732,2,11,NA,NA,NA,NA
Hyena_1733,2,5,NA,NA,NA,NA
Hyena_1734,2,5,NA,NA,NA,NA
Hyena_1736,3,12,11,NA,NA,NA
Hyena_1737,2,3,NA,NA,NA,NA
Hyena_1738,2,3,NA,NA,NA,NA
Hyena_1741,2,9,NA,NA,NA,NA
Hyena_1744,2,17,NA,NA,NA,NA
Hyena_1746,2,3,NA,NA,NA,NA
Hyena_1747,2,3,NA,NA,NA,NA
Hyena_1748,2,8,NA,NA,NA,NA
Hyena_1750,2,2,NA,NA,NA,NA
Hyena_1751,3,12,11,NA,NA,NA
Hyena_1754,3,17,11,NA,NA,NA
Hyena_1755,3,17,11,NA,NA,NA
Hyena_1756,3,5,11,NA,NA,NA
Hyena_1757,3,5,11,NA,NA,NA
Hyena_1758,2,4,NA,NA,NA,NA
Hyena_1759,2,4,NA,NA,NA,NA
Hyena_1760,2,9,NA,NA,NA,NA
Hyena_1761,2,16,NA,NA,NA,NA
Hyena_1762,2,16,NA,NA,NA,NA
Hyena_1763,2,10,NA,NA,NA,NA
Hyena_1765,2,13,NA,NA,NA,NA
Hyena_1767,2,6,NA,NA,NA,NA
Hyena_1770,2,3,NA,NA,NA,NA
Hyena_1771,2,3,NA,NA,NA,NA
Hyena_1773,3,2,11,NA,NA,NA
Hyena_1774,3,12,14,NA,NA,NA
Hyena_1776,3,5,11,NA,NA,NA
Hyena_1777,2,9,NA,NA,NA,NA
Hyena_1778,3,11,11,NA,NA,NA
Hyena_1779,3,11,11,NA,NA,NA
Hyena_1781,3,4,5,NA,NA,NA
Hyena_1783,3,8,5,NA,NA,NA
Hyena_1784,3,13,11,NA,NA,NA
Hyena_1785,2,16,NA,NA,NA,NA
Hyena_1786,2,16,NA,NA,NA,NA
Hyena_1787,2,10,NA,NA,NA,NA
Hyena_1788,2,15,NA,NA,NA,NA
Hyena_1789,2,6,NA,NA,NA,NA
Hyena_1790,3,6,8,NA,NA,NA
Hyena_1791,3,2,5,NA,NA,NA
Hyena_1792,3,2,5,NA,NA,NA
Hyena_1793,2,15,NA,NA,NA,NA
Hyena_1794,3,7,11,NA,NA,NA
Hyena_1795,3,3,1,NA,NA,NA
Hyena_1796,3,3,5,NA,NA,NA
Hyena_1797,2,5,NA,NA,NA,NA
Hyena_1799,3,13,5,NA,NA,NA
Hyena_1800,3,13,5,NA,NA,NA
Hyena_1801,2,4,NA,NA,NA,NA
Hyena_1802,2,4,NA,NA,NA,NA
Hyena_1803,3,9,3,NA,NA,NA
Hyena_1805,3,16,1,NA,NA,NA
Hyena_1806,3,16,1,NA,NA,NA
Hyena_1807,2,8,NA,NA,NA,NA
Hyena_1809,2,14,NA,NA,NA,NA
Hyena_1811,3,11,1,NA,NA,NA
Hyena_1812,3,11,1,NA,NA,NA
Hyena_1813,3,1,1,NA,NA,NA
Hyena_1814,2,3,NA,NA,NA,NA
Hyena_1815,2,3,NA,NA,NA,NA
Hyena_1816,3,6,5,NA,NA,NA
Hyena_1817,2,16,NA,NA,NA,NA
Hyena_1818,3,10,3,NA,NA,NA
Hyena_1819,2,10,NA,NA,NA,NA
Hyena_1820,2,5,NA,NA,NA,NA
Hyena_1821,3,7,1,NA,NA,NA
Hyena_1822,4,7,4,4,NA,NA
Hyena_1825,3,8,1,NA,NA,NA
Hyena_1826,3,8,1,NA,NA,NA
Hyena_1827,2,13,NA,NA,NA,NA
Hyena_1828,2,13,NA,NA,NA,NA
Hyena_1829,3,14,5,NA,NA,NA
Hyena_1830,4,2,12,11,NA,NA
Hyena_1831,2,5,NA,NA,NA,NA
Hyena_1832,4,2,12,11,NA,NA
Hyena_1833,2,1,NA,NA,NA,NA
Hyena_1835,3,9,5,NA,NA,NA
Hyena_1836,3,9,5,NA,NA,NA
Hyena_1838,2,25,NA,NA,NA,NA
Hyena_1839,2,25,NA,NA,NA,NA
Hyena_1840,3,14,5,NA,NA,NA
Hyena_1842,3,16,5,NA,NA,NA
Hyena_1843,2,26,NA,NA,NA,NA
Hyena_1844,2,26,NA,NA,NA,NA
Hyena_1845,4,20,2,3,NA,NA
Hyena_1846,3,3,11,NA,NA,NA
Hyena_1847,4,13,4,4,NA,NA
Hyena_1848,3,2,11,NA,NA,NA
Hyena_1849,3,2,11,NA,NA,NA
Hyena_1850,4,8,8,5,NA,NA
Hyena_1851,4,8,8,5,NA,NA
Hyena_1852,4,5,4,1,NA,NA
Hyena_1853,2,5,NA,NA,NA,NA
Hyena_1854,4,6,4,1,NA,NA
Hyena_1855,2,19,NA,NA,NA,NA
Hyena_1857,4,3,8,7,NA,NA
Hyena_1858,4,7,12,11,NA,NA
Hyena_1859,3,12,5,NA,NA,NA
Hyena_1860,3,17,5,NA,NA,NA
Hyena_1861,4,23,8,7,NA,NA
Hyena_1864,3,1,9,NA,NA,NA
Hyena_1867,4,14,8,7,NA,NA
Hyena_1868,4,7,8,7,NA,NA
Hyena_1869,3,25,2,NA,NA,NA
Hyena_1870,3,25,2,NA,NA,NA
Hyena_1871,2,13,NA,NA,NA,NA
Hyena_1873,4,2,8,7,NA,NA
Hyena_1874,4,29,1,1,NA,NA
Hyena_1876,4,11,4,4,NA,NA
Hyena_1877,3,11,3,1,NA,NA
Hyena_1878,2,12,NA,NA,NA,NA
Hyena_1880,3,29,3,1,NA,NA
Hyena_1881,4,5,8,7,NA,NA
Hyena_1882,3,7,5,NA,NA,NA
Hyena_1883,2,19,1,NA,NA,NA
Hyena_1884,2,19,1,NA,NA,NA
Hyena_1893,4,24,4,1,NA,NA
Hyena_1894,4,24,4,1,NA,NA
Hyena_1895,4,18,2,3,NA,NA
Hyena_1896,3,1,9,NA,NA,NA
Hyena_1897,3,1,9,NA,NA,NA
Hyena_1898,3,17,5,1,NA,NA
Hyena_1899,3,17,5,1,NA,NA
Hyena_1900,4,25,4,4,NA,NA
Hyena_1901,4,25,4,4,NA,NA
Hyena_1902,4,16,4,4,NA,NA
Hyena_1903,4,16,4,4,NA,NA
Hyena_1904,4,29,2,3,NA,NA
Hyena_1905,3,13,3,1,NA,NA
Hyena_1906,3,13,3,1,NA,NA
Hyena_1907,3,35,1,NA,NA,NA
Hyena_1908,3,18,3,1,NA,NA
Hyena_1909,3,18,3,1,NA,NA
Hyena_1910,3,14,3,NA,NA,NA
Hyena_1913,4,5,4,4,NA,NA
Hyena_1914,4,24,4,1,NA,NA
Hyena_1915,3,10,5,NA,NA,NA
Hyena_1916,3,3,2,NA,NA,NA
Hyena_1917,3,2,9,NA,NA,NA
Hyena_1918,3,2,9,NA,NA,NA
Hyena_1919,3,32,3,NA,NA,NA
Hyena_1920,4,4,4,1,NA,NA
Hyena_1928,3,1,9,NA,NA,NA
Hyena_1929,3,1,9,NA,NA,NA
Hyena_1933,4,5,8,7,NA,NA
Hyena_1934,3,19,5,1,NA,NA
Hyena_1935,3,20,2,NA,NA,NA
Hyena_1936,4,33,2,3,NA,NA
Hyena_1937,3,3,3,1,NA,NA
Hyena_1942,2,27,NA,NA,NA,NA
Hyena_1943,3,14,3,1,NA,NA
Hyena_1944,4,9,2,3,NA,NA
Hyena_1945,4,9,2,3,NA,NA
Hyena_1946,2,4,NA,NA,NA,NA
Hyena_1947,2,4,NA,NA,NA,NA
Hyena_1949,2,17,NA,NA,NA,NA
Hyena_1950,4,10,10,1,NA,NA
Hyena_1951,4,10,10,1,NA,NA
Hyena_1952,4,8,1,2,NA,NA
Hyena_1954,4,11,2,3,NA,NA
Hyena_1955,4,2,2,3,NA,NA
Hyena_1958,3,7,3,NA,NA,NA
Hyena_1959,3,7,3,NA,NA,NA
Hyena_1960,2,12,NA,NA,NA,NA
Hyena_1961,2,12,NA,NA,NA,NA
Hyena_1965,4,13,4,1,NA,NA
Hyena_1966,3,1,3,NA,NA,NA
Hyena_1967,3,12,9,NA,NA,NA
Hyena_1968,3,1,3,NA,NA,NA
Hyena_1969,4,3,1,2,NA,NA
Hyena_1970,4,14,1,2,NA,NA
Hyena_1971,3,3,9,NA,NA,NA
Hyena_1972,4,14,1,2,NA,NA
Hyena_1973,4,4,1,2,NA,NA
Hyena_1974,4,4,1,2,NA,NA
Hyena_1975,4,8,1,2,NA,NA
Hyena_1976,3,6,3,NA,NA,NA
Hyena_1977,2,7,NA,NA,NA,NA
Hyena_1978,2,7,NA,NA,NA,NA
Hyena_1979,4,9,1,2,NA,NA
Hyena_1980,4,9,1,5,NA,NA
Hyena_1981,4,2,4,1,NA,NA
Hyena_1982,4,2,4,1,NA,NA
Hyena_1983,4,12,1,2,NA,NA
Hyena_1984,4,12,1,2,NA,NA
Hyena_1985,4,6,1,2,NA,NA
Hyena_1986,4,6,1,2,NA,NA
Hyena_1987,4,1,1,2,NA,NA
Hyena_1988,4,11,1,2,NA,NA
Hyena_1989,4,14,1,2,NA,NA
Hyena_1991,4,4,1,5,NA,NA
Hyena_1993,2,9,NA,NA,NA,NA
Hyena_1994,2,9,NA,NA,NA,NA
Hyena_1995,4,17,1,5,NA,NA
Hyena_1996,4,5,1,2,NA,NA
Hyena_1997,4,4,4,1,NA,NA
Hyena_1998,4,4,4,1,NA,NA
Hyena_1999,4,5,1,2,NA,NA
Hyena_2000,2,10,NA,NA,NA,NA
Hyena_2001,2,16,NA,NA,NA,NA
Hyena_2002,2,16,NA,NA,NA,NA
Hyena_2003,4,12,1,5,NA,NA
Hyena_2004,4,12,1,5,NA,NA
Hyena_2005,4,1,1,2,NA,NA
Hyena_2006,4,1,1,2,NA,NA
Hyena_2007,2,18,NA,NA,NA,NA
Hyena_2011,4,24,1,2,NA,NA
Hyena_2013,4,9,1,5,NA,NA
Hyena_2014,3,2,9,NA,NA,NA
Hyena_2015,4,16,1,2,NA,NA
Hyena_2016,4,8,1,5,NA,NA
Hyena_2017,4,4,1,2,NA,NA
Hyena_2018,4,3,1,5,NA,NA
Hyena_2019,3,15,9,NA,NA,NA
Hyena_2020,2,1,NA,NA,NA,NA
Hyena_2022,2,5,NA,NA,NA,NA
Hyena_2023,2,5,NA,NA,NA,NA
Hyena_2024,3,7,7,NA,NA,NA
Hyena_2025,3,7,7,NA,NA,NA
Hyena_2026,3,13,9,NA,NA,NA
Hyena_2027,3,13,9,NA,NA,NA
Hyena_2028,4,3,1,5,NA,NA
Hyena_2029,2,2,NA,NA,NA,NA
Hyena_2030,2,2,NA,NA,NA,NA
Hyena_2031,2,12,NA,NA,NA,NA
Hyena_2032,2,6,NA,NA,NA,NA
Hyena_2033,2,6,NA,NA,NA,NA
Hyena_2034,2,1,NA,NA,NA,NA
Hyena_2035,2,1,NA,NA,NA,NA
Hyena_2036,3,5,7,NA,NA,NA
Hyena_2037,4,11,1,2,NA,NA
Hyena_2039,3,3,12,NA,NA,NA
Hyena_2040,3,7,9,NA,NA,NA
Hyena_2041,3,7,9,NA,NA,NA
Hyena_2046,2,2,NA,NA,NA,NA
Hyena_2048,5,1,12,1,2,NA
Hyena_2051,5,10,12,7,7,NA
Hyena_2052,2,11,NA,NA,NA,NA
Hyena_2053,5,8,12,7,7,NA
Hyena_2054,5,8,12,7,7,NA
Hyena_2055,3,6,7,NA,NA,NA
Hyena_2056,3,6,7,NA,NA,NA
Hyena_2057,2,12,NA,NA,NA,NA
Hyena_2060,5,12,12,7,7,NA
Hyena_2062,2,17,NA,NA,NA,NA
Hyena_2063,5,5,12,7,7,NA
Hyena_2065,5,6,12,1,2,NA
Hyena_2066,5,6,12,1,2,NA
Hyena_2067,2,4,NA,NA,NA,NA
Hyena_2068,2,4,NA,NA,NA,NA
Hyena_2069,3,13,9,NA,NA,NA
Hyena_2070,3,1,7,NA,NA,NA
Hyena_2072,5,3,12,1,5,NA
Hyena_2074,5,10,12,1,5,NA
Hyena_2076,2,14,NA,NA,NA,NA
Hyena_2077,2,7,NA,NA,NA,NA
Hyena_2078,2,7,NA,NA,NA,NA
Hyena_2079,5,16,12,7,7,NA
Hyena_2083,3,8,9,NA,NA,NA
Hyena_2084,3,1,9,NA,NA,NA
Hyena_2085,3,1,9,NA,NA,NA
Hyena_2091,3,13,18,NA,NA,NA
Hyena_2134,2,6,NA,NA,NA,NA
Hyena_2135,2,6,NA,NA,NA,NA
Hyena_2137,2,1,NA,NA,NA,NA
Hyena_2138,2,1,NA,NA,NA,NA
Hyena_2139,2,2,NA,NA,NA,NA
Hyena_2142,2,6,NA,NA,NA,NA
Hyena_2143,2,4,NA,NA,NA,NA
Hyena_2144,2,4,NA,NA,NA,NA
Hyena_2147,2,1,NA,NA,NA,NA
Hyena_2148,2,5,NA,NA,NA,NA
Hyena_2152,2,5,NA,NA,NA,NA
Hyena_2153,2,5,NA,NA,NA,NA
Hyena_2154,2,6,NA,NA,NA,NA
Hyena_2155,2,2,NA,NA,NA,NA
Hyena_2156,2,4,NA,NA,NA,NA
Hyena_2157,2,1,NA,NA,NA,NA
Hyena_2158,2,6,NA,NA,NA,NA
Hyena_2159,2,6,NA,NA,NA,NA
Hyena_2160,2,2,NA,NA,NA,NA
Hyena_2161,2,4,NA,NA,NA,NA
Hyena_2162,2,4,NA,NA,NA,NA
Hyena_2163,2,6,NA,NA,NA,NA
Hyena_2164,2,3,NA,NA,NA,NA
Hyena_2165,2,3,NA,NA,NA,NA
Hyena_2166,2,2,13,NA,NA,NA
Hyena_2167,2,2,13,NA,NA,NA
Hyena_2168,3,9,2,NA,NA,NA
Hyena_2169,3,9,2,NA,NA,NA
Hyena_2172,3,1,2,NA,NA,NA
Hyena_2173,3,5,3,NA,NA,NA
Hyena_2174,3,6,2,NA,NA,NA
Hyena_2175,3,9,NA,NA,NA,NA
Hyena_2176,3,1,6,NA,NA,NA
Hyena_2177,3,1,6,NA,NA,NA
Hyena_2178,2,5,13,NA,NA,NA
Hyena_2179,3,2,6,NA,NA,NA
Hyena_2181,3,6,5,NA,NA,NA
Hyena_2182,2,7,13,NA,NA,NA
Hyena_2183,3,4,5,NA,NA,NA
Hyena_2186,3,3,3,NA,NA,NA
Hyena_2187,3,3,3,NA,NA,NA
Hyena_2188,3,8,3,NA,NA,NA
Hyena_2189,2,6,13,NA,NA,NA
Hyena_2190,2,5,13,NA,NA,NA
Hyena_2192,3,1,2,NA,NA,NA
Hyena_2193,3,1,2,NA,NA,NA
Hyena_2194,3,4,6,NA,NA,NA
Hyena_2195,3,4,6,NA,NA,NA
Hyena_2196,3,2,4,NA,NA,NA
Hyena_2197,3,2,4,NA,NA,NA
Hyena_2198,3,10,5,NA,NA,NA
Hyena_2199,3,10,5,NA,NA,NA
Hyena_2200,2,3,NA,NA,NA,NA
Hyena_2201,2,3,NA,NA,NA,NA
Hyena_2202,3,13,2,NA,NA,NA
Hyena_2203,3,6,6,NA,NA,NA
Hyena_2204,3,6,5,NA,NA,NA
Hyena_2205,3,11,2,NA,NA,NA
Hyena_2206,3,8,5,NA,NA,NA
Hyena_2207,2,8,13,NA,NA,NA
Hyena_2208,3,1,3,NA,NA,NA
Hyena_2209,3,1,3,NA,NA,NA
Hyena_2210,3,1,3,NA,NA,NA
Hyena_2211,3,14,6,NA,NA,NA
Hyena_2213,3,5,4,NA,NA,NA
Hyena_2214,3,12,5,NA,NA,NA
Hyena_2215,2,4,NA,NA,NA,NA
Hyena_2216,2,4,NA,NA,NA,NA
Hyena_2218,3,10,5,NA,NA,NA
Hyena_2219,3,10,5,NA,NA,NA
Hyena_2220,4,3,6,2,NA,NA
Hyena_2221,4,1,8,5,NA,NA
Hyena_2222,4,1,8,5,NA,NA
Hyena_2223,3,7,5,NA,NA,NA
Hyena_2224,3,2,4,NA,NA,NA
Hyena_2225,4,3,4,5,NA,NA
Hyena_2226,3,2,6,NA,NA,NA
Hyena_2227,3,9,6,NA,NA,NA
Hyena_2228,3,12,5,NA,NA,NA
Hyena_2229,3,12,5,NA,NA,NA
Hyena_2230,4,8,6,2,NA,NA
Hyena_2231,4,4,2,NA,NA,NA
Hyena_2232,3,7,5,NA,NA,NA
Hyena_2233,3,7,5,NA,NA,NA
Hyena_2234,4,20,8,5,NA,NA
Hyena_2236,4,1,6,2,NA,NA
Hyena_2239,4,14,8,5,NA,NA
Hyena_2240,4,14,8,5,NA,NA
Hyena_2242,2,16,NA,NA,NA,NA
Hyena_2245,3,1,5,NA,NA,NA
Hyena_2246,3,1,5,NA,NA,NA
Hyena_2247,3,1,5,NA,NA,NA
Hyena_2248,3,9,5,NA,NA,NA
Hyena_2249,4,2,8,5,NA,NA
Hyena_2250,4,2,8,5,NA,NA
Hyena_2251,4,4,8,5,NA,NA
Hyena_2252,4,5,4,5,NA,NA
Hyena_2255,3,4,6,NA,NA,NA
Hyena_2256,3,4,6,NA,NA,NA
Hyena_2257,2,15,NA,NA,NA,NA
Hyena_2259,2,1,NA,NA,NA,NA
Hyena_2260,3,1,11,NA,NA,NA
Hyena_2261,2,3,NA,NA,NA,NA
Hyena_2266,3,16,2,NA,NA,NA
Hyena_2267,3,16,2,NA,NA,NA
Hyena_2268,3,13,3,NA,NA,NA
Hyena_2269,3,13,3,NA,NA,NA
Hyena_2270,3,9,3,NA,NA,NA
Hyena_2275,3,2,4,NA,NA,NA
Hyena_2277,4,5,13,20,NA,NA
Hyena_2278,3,5,3,NA,NA,NA
Hyena_2280,3,10,3,NA,NA,NA
Hyena_2281,3,10,3,NA,NA,NA
Hyena_2282,4,4,7,7,NA,NA
Hyena_2284,4,8,7,7,NA,NA
Hyena_2285,4,8,7,7,NA,NA
Hyena_2286,4,2,7,7,NA,NA
Hyena_2287,4,2,7,7,NA,NA
Hyena_2288,4,16,20,7,NA,NA
Hyena_2289,4,12,7,7,NA,NA
Hyena_2290,3,17,3,NA,NA,NA
Hyena_2295,4,6,7,7,NA,NA
Hyena_2296,2,11,NA,NA,NA,NA
Hyena_2297,4,11,20,7,NA,NA
Hyena_2298,4,2,7,7,NA,NA
Hyena_2300,3,15,5,NA,NA,NA
Hyena_2301,3,15,5,NA,NA,NA
Hyena_2302,4,12,7,7,NA,NA
Hyena_2303,4,12,7,7,NA,NA
Hyena_2304,3,3,4,NA,NA,NA
Hyena_2305,2,18,NA,NA,NA,NA
Hyena_2306,4,12,20,7,NA,NA
Hyena_2307,4,12,20,7,NA,NA
Hyena_2308,4,2,7,7,NA,NA
Hyena_2309,3,1,5,NA,NA,NA
Hyena_2310,2,5,NA,NA,NA,NA
Hyena_2311,2,5,NA,NA,NA,NA
Hyena_2313,3,15,5,NA,NA,NA
Hyena_2315,4,6,7,7,NA,NA
Hyena_2316,3,9,5,NA,NA,NA
Hyena_2317,3,9,5,NA,NA,NA
Hyena_2318,3,17,3,NA,NA,NA
Hyena_2319,2,17,NA,NA,NA,NA
Hyena_2320,3,1,5,NA,NA,NA
Hyena_2321,2,3,NA,NA,NA,NA
Hyena_2322,3,12,3,NA,NA,NA
Hyena_2323,4,8,20,7,NA,NA
Hyena_2324,3,1,4,NA,NA,NA
Hyena_2325,2,4,NA,NA,NA,NA
Hyena_2328,4,12,32,3,NA,NA
Hyena_2330,4,1,20,7,NA,NA
Hyena_2333,3,7,6,18,NA,NA
Hyena_2334,5,5,1,1,2,NA
Hyena_2335,4,7,20,7,NA,NA
Hyena_2336,5,1,1,1,2,NA
Hyena_2337,2,9,NA,NA,NA,NA
Hyena_2338,2,9,NA,NA,NA,NA
Hyena_2342,5,3,1,1,2,NA
Hyena_2343,5,8,1,1,2,NA
Hyena_2344,4,6,20,7,NA,NA
Hyena_2346,5,5,1,1,2,NA
Hyena_2350,5,2,1,1,2,NA
Hyena_2357,2,NA,NA,NA,NA,NA
Hyena_2358,2,1,NA,NA,NA,NA
Hyena_2359,2,1,NA,NA,NA,NA
Hyena_2360,2,1,NA,NA,NA,NA
Hyena_2361,2,2,NA,NA,NA,NA
Hyena_2362,2,3,NA,NA,NA,NA
Hyena_2363,2,3,NA,NA,NA,NA
Hyena_2365,2,2,NA,NA,NA,NA
Hyena_2366,2,2,NA,NA,NA,NA
Hyena_2367,2,4,NA,NA,NA,NA
Hyena_2368,3,6,NA,NA,NA,NA
Hyena_2369,3,6,NA,NA,NA,NA
Hyena_2370,2,2,NA,NA,NA,NA
Hyena_2372,2,1,NA,NA,NA,NA
Hyena_2376,2,3,NA,NA,NA,NA
Hyena_2377,2,3,NA,NA,NA,NA
Hyena_2381,2,5,NA,NA,NA,NA
Hyena_2388,3,2,4,NA,NA,NA
Hyena_2389,3,2,4,NA,NA,NA
Hyena_2390,2,3,NA,NA,NA,NA
Hyena_2392,2,1,NA,NA,NA,NA
Hyena_2393,2,1,NA,NA,NA,NA
Hyena_2394,3,5,4,NA,NA,NA
Hyena_2395,3,4,4,NA,NA,NA
Hyena_2396,3,1,4,NA,NA,NA
Hyena_2397,3,1,4,NA,NA,NA
Hyena_2399,3,1,5,NA,NA,NA
Hyena_2400,3,1,5,NA,NA,NA
Hyena_2401,2,6,NA,NA,NA,NA
Hyena_2402,2,6,NA,NA,NA,NA
Hyena_2403,3,2,2,NA,NA,NA
Hyena_2404,3,1,5,NA,NA,NA
Hyena_2405,3,1,5,NA,NA,NA
Hyena_2407,3,4,7,NA,NA,NA
Hyena_2408,3,4,7,NA,NA,NA
Hyena_2411,3,9,5,NA,NA,NA
Hyena_2413,3,1,4,NA,NA,NA
Hyena_2414,3,1,4,NA,NA,NA
Hyena_2415,3,6,4,NA,NA,NA
Hyena_2416,3,6,4,NA,NA,NA
Hyena_2417,3,2,7,NA,NA,NA
Hyena_2418,3,2,7,NA,NA,NA
Hyena_2419,3,7,7,NA,NA,NA
Hyena_2420,3,7,7,NA,NA,NA
Hyena_2421,3,8,7,NA,NA,NA
Hyena_2422,3,4,2,NA,NA,NA
Hyena_2423,3,3,15,NA,NA,NA
Hyena_2424,3,1,5,NA,NA,NA
Hyena_2426,3,9,15,NA,NA,NA
Hyena_2428,3,1,5,NA,NA,NA
Hyena_2429,3,1,5,NA,NA,NA
Hyena_2430,5,4,7,4,4,NA
Hyena_2431,3,3,15,NA,NA,NA
Hyena_2432,3,3,15,NA,NA,NA
Hyena_2433,3,6,8,NA,NA,NA
Hyena_2434,5,6,7,4,4,NA
Hyena_2435,3,12,2,NA,NA,NA
Hyena_2436,3,9,3,NA,NA,NA
Hyena_2437,3,5,15,NA,NA,NA
Hyena_2438,3,5,15,NA,NA,NA
Hyena_2439,3,13,3,NA,NA,NA
Hyena_2441,3,1,5,NA,NA,NA
Hyena_2442,3,1,5,NA,NA,NA
Hyena_2443,5,2,7,4,4,NA
Hyena_2444,3,2,3,NA,NA,NA
Hyena_2448,3,7,8,NA,NA,NA
Hyena_2449,3,7,8,NA,NA,NA
Hyena_2450,3,1,8,NA,NA,NA
Hyena_2451,3,1,8,NA,NA,NA
Hyena_2452,4,6,23,3,NA,NA
Hyena_2453,5,6,2,6,NA,NA
Hyena_2455,3,10,5,NA,NA,NA
Hyena_2456,2,2,18,NA,NA,NA
Hyena_2457,2,2,18,NA,NA,NA
Hyena_2458,3,6,5,NA,NA,NA
Hyena_2459,3,6,5,NA,NA,NA
Hyena_2460,5,5,2,6,NA,NA
Hyena_2461,3,5,15,NA,NA,NA
Hyena_2462,2,4,18,NA,NA,NA
Hyena_2463,5,13,7,4,4,NA
Hyena_2464,4,15,9,5,NA,NA
Hyena_2465,4,15,9,5,NA,NA
Hyena_2466,3,3,15,NA,NA,NA
Hyena_2467,3,3,15,NA,NA,NA
Hyena_2469,3,1,5,NA,NA,NA
Hyena_2470,3,1,5,NA,NA,NA
Hyena_2471,5,10,7,4,4,NA
Hyena_2477,3,3,25,NA,NA,NA
Hyena_2478,3,3,25,NA,NA,NA
Hyena_2479,3,18,7,NA,NA,NA
Hyena_2480,4,18,23,3,NA,NA
Hyena_2482,3,16,25,NA,NA,NA
Hyena_2483,3,16,25,NA,NA,NA
Hyena_2484,3,1,8,NA,NA,NA
Hyena_2485,3,1,8,NA,NA,NA
Hyena_2486,2,5,18,NA,NA,NA
Hyena_2488,2,2,18,NA,NA,NA
Hyena_2489,3,6,15,NA,NA,NA
Hyena_2490,5,13,7,4,4,NA
Hyena_2491,3,4,15,NA,NA,NA
Hyena_2492,4,25,9,5,NA,NA
Hyena_2493,3,22,25,NA,NA,NA
Hyena_2494,3,22,25,NA,NA,NA
Hyena_2495,4,15,5,4,NA,NA
Hyena_2496,4,21,13,3,NA,NA
Hyena_2498,3,4,8,NA,NA,NA
Hyena_2499,3,4,8,NA,NA,NA
Hyena_2500,4,11,11,14,NA,NA
Hyena_2501,2,6,18,NA,NA,NA
Hyena_2502,5,22,7,4,4,NA
Hyena_2503,5,26,2,6,NA,NA
Hyena_2504,5,26,2,6,NA,NA
Hyena_2505,5,7,2,6,NA,NA
Hyena_2506,4,16,2,1,NA,NA
Hyena_2507,4,16,2,1,NA,NA
Hyena_2508,3,1,8,NA,NA,NA
Hyena_2510,4,3,11,14,NA,NA
Hyena_2511,4,3,11,14,NA,NA
Hyena_2512,4,5,9,5,NA,NA
Hyena_2513,4,5,9,5,NA,NA
Hyena_2514,5,12,3,4,5,NA
Hyena_2515,5,12,3,4,5,NA
Hyena_2516,4,10,5,4,NA,NA
Hyena_2517,4,8,5,4,NA,NA
Hyena_2518,2,2,18,NA,NA,NA
Hyena_2519,2,2,18,NA,NA,NA
Hyena_2520,3,20,25,NA,NA,NA
Hyena_2521,3,20,25,NA,NA,NA
Hyena_2522,5,28,11,6,NA,NA
Hyena_2523,5,28,11,6,NA,NA
Hyena_2524,3,20,15,NA,NA,NA
Hyena_2525,4,1,11,14,NA,NA
Hyena_2526,4,9,13,3,NA,NA
Hyena_2529,5,11,2,6,NA,NA
Hyena_2530,3,11,8,NA,NA,NA
Hyena_2531,4,32,8,14,NA,NA
Hyena_2532,4,23,20,14,NA,NA
Hyena_2533,5,28,7,4,4,NA
Hyena_2534,4,4,13,3,NA,NA
Hyena_2535,4,17,23,3,NA,NA
Hyena_2536,4,26,8,14,NA,NA
Hyena_2537,4,3,9,5,NA,NA
Hyena_2538,5,3,15,9,5,NA
Hyena_2539,4,12,11,14,NA,NA
Hyena_2540,4,15,6,2,NA,NA
Hyena_2541,4,26,20,14,NA,NA
Hyena_2543,5,14,5,24,3,NA
Hyena_2544,5,24,8,1,5,NA
Hyena_2545,5,6,7,4,4,NA
Hyena_2546,5,9,2,6,NA,NA
Hyena_2547,4,9,11,14,NA,NA
Hyena_2548,4,13,13,3,NA,NA
Hyena_2549,4,13,13,3,NA,NA
Hyena_2550,4,7,13,3,NA,NA
Hyena_2551,5,20,7,4,4,NA
Hyena_2553,3,9,15,NA,NA,NA
Hyena_2558,4,12,11,14,NA,NA
Hyena_2560,3,4,15,NA,NA,NA
Hyena_2561,3,4,15,NA,NA,NA
Hyena_2563,5,8,1,4,4,NA
Hyena_2564,4,7,5,4,NA,NA
Hyena_2565,4,7,5,4,NA,NA
Hyena_2566,5,10,2,6,NA,NA
Hyena_2567,4,10,20,14,NA,NA
Hyena_2568,4,3,20,14,NA,NA
Hyena_2569,3,1,15,NA,NA,NA
Hyena_2570,4,2,5,4,NA,NA
Hyena_2571,4,2,5,4,NA,NA
Hyena_2573,5,18,5,24,3,NA
Hyena_2574,4,21,1,7,13,NA
Hyena_2575,3,1,15,NA,NA,NA
Hyena_2576,3,15,15,NA,NA,NA
Hyena_2577,4,38,8,14,NA,NA
Hyena_2579,4,38,8,14,NA,NA
Hyena_2581,4,25,8,14,NA,NA
Hyena_2582,5,4,2,6,NA,NA
Hyena_2583,5,4,2,6,NA,NA
Hyena_2584,4,23,23,3,NA,NA
Hyena_2585,5,24,1,4,4,NA
Hyena_2586,3,24,15,NA,NA,NA
Hyena_2587,4,11,13,3,NA,NA
Hyena_2588,4,14,2,1,NA,NA
Hyena_2589,4,17,13,3,NA,NA
Hyena_2590,4,17,13,3,NA,NA
Hyena_2599,4,2,13,3,NA,NA
Hyena_2600,5,15,1,4,4,NA
Hyena_2601,5,1,2,6,NA,NA
Hyena_2605,4,11,5,4,NA,NA
Hyena_2609,4,35,2,1,NA,NA
Hyena_2610,5,35,3,4,5,NA
Hyena_2611,5,13,1,1,5,NA
Hyena_2612,5,13,1,1,5,NA
Hyena_2615,4,3,10,9,NA,NA
Hyena_2618,4,1,13,3,NA,NA
Hyena_2620,6,19,2,5,5,11
Hyena_2621,4,8,20,14,NA,NA
Hyena_2625,4,6,13,3,NA,NA
Hyena_2626,4,6,13,3,NA,NA
Hyena_2628,4,2,10,9,NA,NA
Hyena_2629,6,9,2,5,5,11
Hyena_2630,6,9,2,5,5,11
Hyena_2631,3,21,3,NA,NA,NA
Hyena_2632,4,7,2,1,NA,NA
Hyena_2633,4,7,2,1,NA,NA
Hyena_2634,4,14,13,3,NA,NA
Hyena_2635,5,14,5,24,3,NA
Hyena_2637,5,12,15,9,5,NA
Hyena_2639,5,1,11,11,14,NA
Hyena_2641,5,4,15,9,5,NA
Hyena_2644,4,3,13,3,NA,NA
Hyena_2645,4,15,2,1,NA,NA
Hyena_2646,4,15,2,1,NA,NA
Hyena_2647,3,4,5,NA,NA,NA
Hyena_2649,3,4,5,NA,NA,NA
Hyena_2650,3,1,3,NA,NA,NA
Hyena_2651,3,1,3,NA,NA,NA
Hyena_2652,4,8,12,9,NA,NA
Hyena_2654,4,2,9,7,NA,NA
Hyena_2655,3,9,3,NA,NA,NA
Hyena_2657,4,10,12,9,NA,NA
Hyena_2658,4,10,12,9,NA,NA
Hyena_2659,4,2,2,1,NA,NA
Hyena_2660,4,2,2,1,NA,NA
Hyena_2661,4,16,2,1,NA,NA
Hyena_2662,5,5,2,10,1,NA
Hyena_2663,4,7,2,1,NA,NA
Hyena_2664,4,7,2,1,NA,NA
Hyena_2665,3,14,3,NA,NA,NA
Hyena_2668,3,3,3,NA,NA,NA
Hyena_2671,4,12,2,1,NA,NA
Hyena_2672,4,12,2,1,NA,NA
Hyena_2673,3,19,5,NA,NA,NA
Hyena_2679,3,9,3,NA,NA,NA
Hyena_2682,5,1,1,1,5,NA
Hyena_2684,3,5,6,NA,NA,NA
Hyena_2685,3,5,6,NA,NA,NA
Hyena_2686,3,2,5,NA,NA,NA
Hyena_2688,3,4,3,NA,NA,NA
Hyena_2689,3,4,3,NA,NA,NA
Hyena_2693,4,8,2,1,NA,NA
Hyena_2696,3,7,5,NA,NA,NA
Hyena_2698,3,15,3,NA,NA,NA
Hyena_2699,3,1,3,NA,NA,NA
Hyena_2735,2,8,NA,NA,NA,NA
Hyena_2742,3,1,3,NA,NA,NA
Hyena_2745,3,2,NA,NA,NA,NA
Hyena_2747,3,6,3,NA,NA,NA
Hyena_2751,2,1,NA,NA,NA,NA
Hyena_2752,2,8,NA,NA,NA,NA
Hyena_2753,2,8,NA,NA,NA,NA
Hyena_2754,3,4,5,NA,NA,NA
Hyena_2755,3,4,5,NA,NA,NA
Hyena_2756,3,7,3,NA,NA,NA
Hyena_2758,3,5,3,NA,NA,NA
Hyena_2762,3,4,1,NA,NA,NA
Hyena_2763,3,5,1,NA,NA,NA
Hyena_2764,3,8,5,NA,NA,NA
Hyena_2765,3,NA,5,NA,NA,NA
Hyena_2766,3,5,2,13,NA,NA
Hyena_2768,3,3,5,NA,NA,NA
Hyena_2770,3,7,2,13,NA,NA
Hyena_2772,3,4,5,NA,NA,NA
Hyena_2773,3,7,2,13,NA,NA
Hyena_2774,2,2,NA,NA,NA,NA
Hyena_2775,2,2,NA,NA,NA,NA
Hyena_2779,3,1,5,NA,NA,NA
Hyena_2780,3,1,5,NA,NA,NA
Hyena_2781,3,4,5,13,NA,NA
Hyena_2782,3,4,5,13,NA,NA
Hyena_2784,3,4,5,13,NA,NA
Hyena_2785,4,8,2,4,NA,NA
Hyena_2787,3,6,5,13,NA,NA
Hyena_2790,4,1,2,4,NA,NA
Hyena_2792,3,3,5,13,NA,NA
Hyena_2793,3,5,1,NA,NA,NA
Hyena_2794,4,9,8,3,NA,NA
Hyena_2797,4,4,2,4,NA,NA
Hyena_2798,4,13,3,3,NA,NA
Hyena_2799,4,13,3,3,NA,NA
Hyena_2801,4,8,2,4,NA,NA
Hyena_2804,4,11,3,3,NA,NA
Hyena_2806,4,1,2,4,NA,NA
Hyena_2807,4,5,2,4,NA,NA
Hyena_2808,4,16,2,4,NA,NA
Hyena_2810,4,8,3,5,NA,NA
Hyena_2811,4,8,3,5,NA,NA
Hyena_2812,4,5,3,3,NA,NA
Hyena_2813,4,3,2,4,NA,NA
Hyena_2814,4,5,3,5,NA,NA
Hyena_2815,4,12,5,5,NA,NA
Hyena_2817,4,13,5,5,NA,NA
Hyena_2818,4,4,3,5,NA,NA
Hyena_2820,4,3,3,3,NA,NA
Hyena_2821,4,11,3,3,NA,NA
Hyena_2824,4,6,3,5,NA,NA
Hyena_2825,4,6,3,5,NA,NA
Hyena_2826,4,10,5,5,NA,NA
Hyena_2827,4,9,2,6,NA,NA
Hyena_2829,4,2,2,4,NA,NA
Hyena_2830,4,2,2,4,NA,NA
Hyena_2831,4,1,2,4,NA,NA
Hyena_2832,4,13,2,4,NA,NA
Hyena_2833,4,13,1,3,NA,NA
Hyena_2834,4,1,2,4,NA,NA
Hyena_2835,4,10,2,6,NA,NA
Hyena_2836,4,10,2,6,NA,NA
Hyena_2837,4,5,2,4,NA,NA
Hyena_2838,4,4,1,3,NA,NA
Hyena_2839,4,13,3,5,NA,NA
Hyena_2840,4,11,3,3,NA,NA
Hyena_2841,4,11,3,3,NA,NA
Hyena_2843,4,1,3,5,NA,NA
Hyena_2844,4,3,2,4,NA,NA
Hyena_2845,4,6,3,9,NA,NA
Hyena_2848,4,3,5,5,NA,NA
Hyena_2849,4,1,8,3,NA,NA
Hyena_2852,4,7,20,1,NA,NA
Hyena_2853,4,7,20,1,NA,NA
Hyena_2857,4,4,2,4,NA,NA
Hyena_2859,4,1,3,3,NA,NA
Hyena_2864,4,5,5,5,NA,NA
Hyena_2865,6,3,2,8,8,5
Hyena_2866,4,6,8,1,NA,NA
